-- phpMyAdmin SQL Dump
-- version 4.6.6deb5
-- https://www.phpmyadmin.net/
--
-- Host: localhost:3306
-- Generation Time: 18 Nov 2019 pada 23.03
-- Versi Server: 5.7.27-0ubuntu0.18.04.1
-- PHP Version: 7.2.24-0ubuntu0.18.04.1

SET SQL_MODE = "NO_AUTO_VALUE_ON_ZERO";
SET time_zone = "+00:00";


/*!40101 SET @OLD_CHARACTER_SET_CLIENT=@@CHARACTER_SET_CLIENT */;
/*!40101 SET @OLD_CHARACTER_SET_RESULTS=@@CHARACTER_SET_RESULTS */;
/*!40101 SET @OLD_COLLATION_CONNECTION=@@COLLATION_CONNECTION */;
/*!40101 SET NAMES utf8mb4 */;

--
-- Database: `miss`
--

-- --------------------------------------------------------

--
-- Struktur dari tabel `config`
--

CREATE TABLE `config` (
  `id` int(11) NOT NULL,
  `name` varchar(50) NOT NULL,
  `value` mediumtext NOT NULL
) ENGINE=InnoDB DEFAULT CHARSET=utf8;

--
-- Dumping data untuk tabel `config`
--

INSERT INTO `config` (`id`, `name`, `value`) VALUES
(1, 'th_ajaran', '{\"th_ajaran\":\"3\"}');

-- --------------------------------------------------------

--
-- Struktur dari tabel `guru`
--

CREATE TABLE `guru` (
  `id` int(11) NOT NULL,
  `user_id` int(11) NOT NULL,
  `nama` varchar(255) NOT NULL,
  `kode` varchar(5) NOT NULL,
  `gender` tinyint(1) NOT NULL DEFAULT '1',
  `alamat` varchar(255) NOT NULL,
  `hp` varchar(15) NOT NULL,
  `photo` int(11) NOT NULL,
  `created` datetime NOT NULL DEFAULT CURRENT_TIMESTAMP,
  `updated` datetime NOT NULL DEFAULT CURRENT_TIMESTAMP ON UPDATE CURRENT_TIMESTAMP
) ENGINE=InnoDB DEFAULT CHARSET=latin1;

--
-- Dumping data untuk tabel `guru`
--

INSERT INTO `guru` (`id`, `user_id`, `nama`, `kode`, `gender`, `alamat`, `hp`, `photo`, `created`, `updated`) VALUES
(3, 13, 'Indah Purnamasari', 'A', 0, 'Bangsri', '081', 0, '2019-10-26 11:39:45', '2019-10-26 11:39:45'),
(4, 14, 'Triana', 'AZ', 0, '-', '089', 0, '2019-10-26 11:40:15', '2019-10-26 11:40:15');

-- --------------------------------------------------------

--
-- Struktur dari tabel `guru_has_mapel`
--

CREATE TABLE `guru_has_mapel` (
  `id` int(11) NOT NULL,
  `guru_id` int(11) NOT NULL,
  `mapel_id` int(11) NOT NULL,
  `kelas_id` int(11) NOT NULL,
  `th_ajaran_id` int(11) NOT NULL,
  `hari` int(11) NOT NULL,
  `jam_mulai` time NOT NULL,
  `jam_selesai` time NOT NULL
) ENGINE=InnoDB DEFAULT CHARSET=latin1;

--
-- Dumping data untuk tabel `guru_has_mapel`
--

INSERT INTO `guru_has_mapel` (`id`, `guru_id`, `mapel_id`, `kelas_id`, `th_ajaran_id`, `hari`, `jam_mulai`, `jam_selesai`) VALUES
(1, 3, 4, 1, 3, 1, '07:00:00', '07:45:00'),
(2, 3, 4, 2, 3, 1, '07:45:00', '08:30:00');

-- --------------------------------------------------------

--
-- Struktur dari tabel `kelas`
--

CREATE TABLE `kelas` (
  `id` int(11) NOT NULL,
  `nama` varchar(255) NOT NULL
) ENGINE=InnoDB DEFAULT CHARSET=latin1;

--
-- Dumping data untuk tabel `kelas`
--

INSERT INTO `kelas` (`id`, `nama`) VALUES
(11, 'X AKL 1'),
(12, 'X AKL 2'),
(4, 'X BDP 1'),
(5, 'X BDP 2'),
(6, 'X OTKP 1'),
(7, 'X OTKP 2'),
(8, 'X OTKP 3'),
(1, 'X RPL 1'),
(2, 'X RPL 2'),
(9, 'X TBSM 1'),
(10, 'X TBSM 2'),
(22, 'XI AKL 1'),
(23, 'XI AKL 2'),
(15, 'XI BDP 1'),
(16, 'XI BDP 2'),
(19, 'XI OTKP 1'),
(20, 'XI OTKP 2'),
(21, 'XI OTKP 3'),
(13, 'XI RPL 1'),
(14, 'XI RPL 2'),
(17, 'XI TBSM 1'),
(18, 'XI TBSM 2'),
(31, 'XII AKL 1'),
(32, 'XII AKL 2'),
(29, 'XII BDP 1'),
(30, 'XII BDP 2'),
(24, 'XII OTKP 1'),
(25, 'XII OTKP 2'),
(26, 'XII OTKP 3'),
(27, 'XII RPL 1'),
(28, 'XII RPL 2'),
(33, 'XII TBSM 1'),
(34, 'XII TBSM 2');

-- --------------------------------------------------------

--
-- Struktur dari tabel `mapel`
--

CREATE TABLE `mapel` (
  `id` int(11) NOT NULL,
  `nama` varchar(255) NOT NULL
) ENGINE=InnoDB DEFAULT CHARSET=latin1;

--
-- Dumping data untuk tabel `mapel`
--

INSERT INTO `mapel` (`id`, `nama`) VALUES
(2, 'Pendidikan Agama Islam'),
(3, 'Ppkn'),
(4, 'Matematika');

-- --------------------------------------------------------

--
-- Struktur dari tabel `presensi`
--

CREATE TABLE `presensi` (
  `id` int(11) NOT NULL,
  `siswa_id` int(11) NOT NULL,
  `kelas_id` int(11) NOT NULL,
  `th_ajaran_id` int(11) NOT NULL,
  `keterangan` int(11) NOT NULL,
  `tanggal` date NOT NULL
) ENGINE=InnoDB DEFAULT CHARSET=latin1;

--
-- Dumping data untuk tabel `presensi`
--

INSERT INTO `presensi` (`id`, `siswa_id`, `kelas_id`, `th_ajaran_id`, `keterangan`, `tanggal`) VALUES
(3, 187, 1, 3, 1, '2019-11-18'),
(4, 188, 1, 3, 0, '2019-11-18'),
(5, 189, 1, 3, 0, '2019-11-18'),
(6, 190, 1, 3, 0, '2019-11-18'),
(7, 191, 1, 3, 0, '2019-11-18'),
(8, 192, 1, 3, 0, '2019-11-18'),
(9, 193, 1, 3, 0, '2019-11-18'),
(10, 194, 1, 3, 0, '2019-11-18'),
(11, 195, 1, 3, 0, '2019-11-18'),
(12, 196, 1, 3, 0, '2019-11-18'),
(13, 197, 1, 3, 0, '2019-11-18'),
(14, 198, 1, 3, 0, '2019-11-18'),
(15, 199, 1, 3, 0, '2019-11-18'),
(16, 200, 1, 3, 0, '2019-11-18'),
(17, 227, 1, 3, 0, '2019-11-18'),
(18, 228, 1, 3, 0, '2019-11-18'),
(19, 229, 1, 3, 0, '2019-11-18'),
(20, 336, 1, 3, 2, '2019-11-18'),
(21, 337, 1, 3, 0, '2019-11-18'),
(22, 338, 1, 3, 0, '2019-11-18'),
(23, 339, 1, 3, 0, '2019-11-18'),
(24, 340, 1, 3, 0, '2019-11-18'),
(25, 341, 1, 3, 0, '2019-11-18'),
(26, 342, 1, 3, 0, '2019-11-18'),
(27, 343, 1, 3, 0, '2019-11-18'),
(28, 344, 1, 3, 0, '2019-11-18'),
(29, 345, 1, 3, 0, '2019-11-18'),
(30, 346, 1, 3, 0, '2019-11-18'),
(31, 347, 1, 3, 0, '2019-11-18'),
(32, 348, 1, 3, 0, '2019-11-18'),
(33, 349, 1, 3, 0, '2019-11-18'),
(34, 376, 1, 3, 0, '2019-11-18'),
(35, 377, 1, 3, 0, '2019-11-18'),
(36, 378, 1, 3, 0, '2019-11-18');

-- --------------------------------------------------------

--
-- Struktur dari tabel `presensi_has_mapel`
--

CREATE TABLE `presensi_has_mapel` (
  `id` int(11) NOT NULL,
  `siswa_id` int(11) NOT NULL,
  `kelas_id` int(11) NOT NULL,
  `th_ajaran_id` int(11) NOT NULL,
  `keterangan` int(11) NOT NULL,
  `tanggal` date NOT NULL,
  `guru_id` int(11) NOT NULL,
  `mapel_id` int(11) NOT NULL,
  `kode` varchar(255) NOT NULL
) ENGINE=InnoDB DEFAULT CHARSET=latin1;

--
-- Dumping data untuk tabel `presensi_has_mapel`
--

INSERT INTO `presensi_has_mapel` (`id`, `siswa_id`, `kelas_id`, `th_ajaran_id`, `keterangan`, `tanggal`, `guru_id`, `mapel_id`, `kode`) VALUES
(137, 187, 1, 3, 0, '2019-11-18', 3, 4, '3_4_2019-11-18_07:00:00_07:45:00'),
(138, 188, 1, 3, 0, '2019-11-18', 3, 4, '3_4_2019-11-18_07:00:00_07:45:00'),
(139, 189, 1, 3, 0, '2019-11-18', 3, 4, '3_4_2019-11-18_07:00:00_07:45:00'),
(140, 190, 1, 3, 0, '2019-11-18', 3, 4, '3_4_2019-11-18_07:00:00_07:45:00'),
(141, 191, 1, 3, 0, '2019-11-18', 3, 4, '3_4_2019-11-18_07:00:00_07:45:00'),
(142, 192, 1, 3, 0, '2019-11-18', 3, 4, '3_4_2019-11-18_07:00:00_07:45:00'),
(143, 193, 1, 3, 0, '2019-11-18', 3, 4, '3_4_2019-11-18_07:00:00_07:45:00'),
(144, 194, 1, 3, 0, '2019-11-18', 3, 4, '3_4_2019-11-18_07:00:00_07:45:00'),
(145, 195, 1, 3, 0, '2019-11-18', 3, 4, '3_4_2019-11-18_07:00:00_07:45:00'),
(146, 196, 1, 3, 0, '2019-11-18', 3, 4, '3_4_2019-11-18_07:00:00_07:45:00'),
(147, 197, 1, 3, 0, '2019-11-18', 3, 4, '3_4_2019-11-18_07:00:00_07:45:00'),
(148, 198, 1, 3, 0, '2019-11-18', 3, 4, '3_4_2019-11-18_07:00:00_07:45:00'),
(149, 199, 1, 3, 0, '2019-11-18', 3, 4, '3_4_2019-11-18_07:00:00_07:45:00'),
(150, 200, 1, 3, 0, '2019-11-18', 3, 4, '3_4_2019-11-18_07:00:00_07:45:00'),
(151, 227, 1, 3, 0, '2019-11-18', 3, 4, '3_4_2019-11-18_07:00:00_07:45:00'),
(152, 228, 1, 3, 0, '2019-11-18', 3, 4, '3_4_2019-11-18_07:00:00_07:45:00'),
(153, 229, 1, 3, 0, '2019-11-18', 3, 4, '3_4_2019-11-18_07:00:00_07:45:00'),
(154, 336, 1, 3, 0, '2019-11-18', 3, 4, '3_4_2019-11-18_07:00:00_07:45:00'),
(155, 337, 1, 3, 0, '2019-11-18', 3, 4, '3_4_2019-11-18_07:00:00_07:45:00'),
(156, 338, 1, 3, 0, '2019-11-18', 3, 4, '3_4_2019-11-18_07:00:00_07:45:00'),
(157, 339, 1, 3, 0, '2019-11-18', 3, 4, '3_4_2019-11-18_07:00:00_07:45:00'),
(158, 340, 1, 3, 0, '2019-11-18', 3, 4, '3_4_2019-11-18_07:00:00_07:45:00'),
(159, 341, 1, 3, 0, '2019-11-18', 3, 4, '3_4_2019-11-18_07:00:00_07:45:00'),
(160, 342, 1, 3, 0, '2019-11-18', 3, 4, '3_4_2019-11-18_07:00:00_07:45:00'),
(161, 343, 1, 3, 0, '2019-11-18', 3, 4, '3_4_2019-11-18_07:00:00_07:45:00'),
(162, 344, 1, 3, 0, '2019-11-18', 3, 4, '3_4_2019-11-18_07:00:00_07:45:00'),
(163, 345, 1, 3, 0, '2019-11-18', 3, 4, '3_4_2019-11-18_07:00:00_07:45:00'),
(164, 346, 1, 3, 0, '2019-11-18', 3, 4, '3_4_2019-11-18_07:00:00_07:45:00'),
(165, 347, 1, 3, 0, '2019-11-18', 3, 4, '3_4_2019-11-18_07:00:00_07:45:00'),
(166, 348, 1, 3, 0, '2019-11-18', 3, 4, '3_4_2019-11-18_07:00:00_07:45:00'),
(167, 349, 1, 3, 0, '2019-11-18', 3, 4, '3_4_2019-11-18_07:00:00_07:45:00'),
(168, 376, 1, 3, 0, '2019-11-18', 3, 4, '3_4_2019-11-18_07:00:00_07:45:00'),
(169, 377, 1, 3, 0, '2019-11-18', 3, 4, '3_4_2019-11-18_07:00:00_07:45:00'),
(170, 378, 1, 3, 0, '2019-11-18', 3, 4, '3_4_2019-11-18_07:00:00_07:45:00');

-- --------------------------------------------------------

--
-- Struktur dari tabel `siswa`
--

CREATE TABLE `siswa` (
  `id` int(11) NOT NULL,
  `user_id` int(11) DEFAULT NULL,
  `kelas_id` int(11) NOT NULL,
  `th_ajaran_id` int(11) NOT NULL,
  `angkatan` int(11) NOT NULL,
  `nama` varchar(255) NOT NULL,
  `nis` varchar(20) NOT NULL,
  `nisn` varchar(20) NOT NULL,
  `gender` tinyint(1) NOT NULL,
  `agama` tinyint(1) NOT NULL,
  `photo` varchar(255) NOT NULL,
  `tmpt_lhr` varchar(255) NOT NULL,
  `tgl_lhr` date NOT NULL,
  `alamat` text NOT NULL
) ENGINE=InnoDB DEFAULT CHARSET=latin1;

--
-- Dumping data untuk tabel `siswa`
--

INSERT INTO `siswa` (`id`, `user_id`, `kelas_id`, `th_ajaran_id`, `angkatan`, `nama`, `nis`, `nisn`, `gender`, `agama`, `photo`, `tmpt_lhr`, `tgl_lhr`, `alamat`) VALUES
(163, 165, 9, 3, 3, 'ABDUL WAKHID KHASAN ROSIDIN', '2214', '2214', 1, 1, '-', '-', '0000-00-00', '-'),
(164, 166, 9, 3, 3, 'AHMAD AFIF', '2215', '2215', 1, 1, '-', '-', '0000-00-00', '-'),
(165, 167, 9, 3, 3, 'AHMAD AZRUL MAULANA', '2216', '2216', 1, 1, '-', '-', '0000-00-00', '-'),
(166, 168, 9, 3, 3, 'AHMAD SOKHIBUL WAFA TAJUL ARIFIN', '2217', '2217', 1, 1, '-', '-', '0000-00-00', '-'),
(167, 169, 9, 3, 3, 'AHMAT THOLIQUL QILMI', '2218', '2218', 1, 1, '-', '-', '0000-00-00', '-'),
(168, 170, 9, 3, 3, 'ARIS SETYAWAN', '2219', '2219', 1, 1, '-', '-', '0000-00-00', '-'),
(169, 171, 9, 3, 3, 'ERIZA AHMAD DONI SETIAWAN', '2220', '2220', 1, 1, '-', '-', '0000-00-00', '-'),
(170, 172, 9, 3, 3, 'FIRMAN HADI SAPUTRA', '2221', '2221', 1, 1, '-', '-', '0000-00-00', '-'),
(171, 173, 9, 3, 3, 'FRANSISKO AKINTA ANDRIYAN S.', '2222', '2222', 1, 1, '-', '-', '0000-00-00', '-'),
(172, 174, 9, 3, 3, 'IRVAN', '2223', '2223', 1, 1, '-', '-', '0000-00-00', '-'),
(173, 175, 9, 3, 3, 'MUHAMAD DAFFAUR RAMADHAN', '2224', '2224', 1, 1, '-', '-', '0000-00-00', '-'),
(174, 176, 9, 3, 3, 'MUHAMMAD ADITYA NUR ROHMAN', '2225', '2225', 1, 1, '-', '-', '0000-00-00', '-'),
(175, 177, 9, 3, 3, 'MUHAMMAD ALFIN HIDAYAT', '2226', '2226', 1, 1, '-', '-', '0000-00-00', '-'),
(176, 178, 10, 3, 3, 'AANDIKA CAHYA SETIYAWAN', '2250', '2250', 1, 1, '-', '-', '0000-00-00', '-'),
(177, 179, 10, 3, 3, 'ACHIRUL ASHAR', '2251', '2251', 1, 1, '-', '-', '0000-00-00', '-'),
(178, 180, 10, 3, 3, 'ACHMAD RIZAL MAULANA', '2252', '2252', 1, 1, '-', '-', '0000-00-00', '-'),
(179, 181, 10, 3, 3, 'ADE RAHMAT SALEH', '2253', '2253', 1, 1, '-', '-', '0000-00-00', '-'),
(180, 182, 10, 3, 3, 'ADHIF ADHI NANJAYA', '2254', '2254', 1, 1, '-', '-', '0000-00-00', '-'),
(181, 183, 10, 3, 3, 'AHMAD FARID ABDUL HAQ', '2255', '2255', 1, 1, '-', '-', '0000-00-00', '-'),
(182, 184, 10, 3, 3, 'AHMAD GHOFUR', '2256', '2256', 1, 1, '-', '-', '0000-00-00', '-'),
(183, 185, 10, 3, 3, 'AISYA ARIF SABARA', '2258', '2258', 1, 1, '-', '-', '0000-00-00', '-'),
(184, 186, 10, 3, 3, 'ALFARIZI PUTRA RAMADHAN', '2259', '2259', 1, 1, '-', '-', '0000-00-00', '-'),
(185, 187, 10, 3, 3, 'ANDIKA CAHYA PRIYANDA', '2260', '2260', 1, 1, '-', '-', '0000-00-00', '-'),
(186, 188, 10, 3, 3, 'CHUSEN ISMAIL SIDIQ', '2262', '2262', 1, 1, '-', '-', '0000-00-00', '-'),
(187, 189, 1, 3, 3, 'ABELLINDO FAUSTIN', '2286', '2286', 1, 1, '-', '-', '0000-00-00', '-'),
(188, 190, 1, 3, 3, 'ACHMAD HAKIM QOIRUL HAQ', '2287', '2287', 1, 1, '-', '-', '0000-00-00', '-'),
(189, 191, 1, 3, 3, 'AHMAD ANSORI', '2288', '2288', 1, 1, '-', '-', '0000-00-00', '-'),
(190, 192, 1, 3, 3, 'AHMAD FAIZUL UMRI', '2289', '2289', 1, 1, '-', '-', '0000-00-00', '-'),
(191, 193, 1, 3, 3, 'AHMAD RONZALI', '2290', '2290', 1, 1, '-', '-', '0000-00-00', '-'),
(192, 194, 1, 3, 3, 'ANDRE SETYAWAN', '2291', '2291', 1, 1, '-', '-', '0000-00-00', '-'),
(193, 195, 1, 3, 3, 'ARIDA RISQIANA', '2292', '2292', 1, 1, '-', '-', '0000-00-00', '-'),
(194, 196, 1, 3, 3, 'BERLIN KUSUMA DIKHA', '2293', '2293', 1, 1, '-', '-', '0000-00-00', '-'),
(195, 197, 1, 3, 3, 'DAMAR HADI SURYA PRANOTO', '2294', '2294', 1, 1, '-', '-', '0000-00-00', '-'),
(196, 198, 1, 3, 3, 'DARU TRI ATMOJO', '2295', '2295', 1, 1, '-', '-', '0000-00-00', '-'),
(197, 199, 1, 3, 3, 'DEA NUR SAFITRI', '2296', '2296', 1, 1, '-', '-', '0000-00-00', '-'),
(198, 200, 1, 3, 3, 'ADAM WAHYU ADI WANGSA', '2322', '2322', 1, 1, '-', '-', '0000-00-00', '-'),
(199, 201, 1, 3, 3, 'AGUSTIO DWI PUTRA', '2323', '2323', 1, 1, '-', '-', '0000-00-00', '-'),
(200, 202, 1, 3, 3, 'AHMAD FIKRUL UMAM', '2324', '2324', 1, 1, '-', '-', '0000-00-00', '-'),
(201, 203, 2, 3, 3, 'AKBAR MAULANA SAFARUDIN', '2325', '2325', 1, 1, '-', '-', '0000-00-00', '-'),
(202, 204, 2, 3, 3, 'ANDRE RIZKI PUJIYANTO', '2326', '2326', 1, 1, '-', '-', '0000-00-00', '-'),
(203, 205, 2, 3, 3, 'ANI PRATIWI', '2327', '2327', 1, 1, '-', '-', '0000-00-00', '-'),
(204, 206, 2, 3, 3, 'AQSOL AMRI', '2328', '2328', 1, 1, '-', '-', '0000-00-00', '-'),
(205, 207, 2, 3, 3, 'CALFIN DANANG FIRMANSYAH', '2329', '2329', 1, 1, '-', '-', '0000-00-00', '-'),
(206, 208, 2, 3, 3, 'CINDY PRAMITHASARI', '2330', '2330', 1, 1, '-', '-', '0000-00-00', '-'),
(207, 209, 2, 3, 3, 'DAMARA SULTAN ALAMSYAH', '2331', '2331', 1, 1, '-', '-', '0000-00-00', '-'),
(208, 210, 2, 3, 3, 'DANANG FEBY SAPUTRO', '2332', '2332', 1, 1, '-', '-', '0000-00-00', '-'),
(209, 211, 2, 3, 3, 'DENICO NARENDRA', '2333', '2333', 1, 1, '-', '-', '0000-00-00', '-'),
(210, 212, 2, 3, 3, 'DWI APRIANI', '2334', '2334', 1, 1, '-', '-', '0000-00-00', '-'),
(211, 213, 2, 3, 3, 'ELINA AYU NOVIAWATI', '2335', '2335', 1, 1, '-', '-', '0000-00-00', '-'),
(212, 214, 6, 3, 3, 'AHMAD AFVAN MAULANA', '2358', '2358', 1, 1, '-', '-', '0000-00-00', '-'),
(213, 215, 6, 3, 3, 'AHMAD MUZAKI', '2359', '2359', 1, 1, '-', '-', '0000-00-00', '-'),
(214, 216, 6, 3, 3, 'ALISA NUR SITA', '2360', '2360', 1, 1, '-', '-', '0000-00-00', '-'),
(215, 217, 6, 3, 3, 'ALVIONITA CHRIS SAPUTRI', '2361', '2361', 1, 1, '-', '-', '0000-00-00', '-'),
(216, 218, 6, 3, 3, 'AMANDA CITRA ERNANTA', '2362', '2362', 1, 1, '-', '-', '0000-00-00', '-'),
(217, 219, 6, 3, 3, 'ANIK KARTINI', '2363', '2363', 1, 1, '-', '-', '0000-00-00', '-'),
(218, 220, 6, 3, 3, 'DANIEL DWI SAPUTRA', '2364', '2364', 1, 1, '-', '-', '0000-00-00', '-'),
(219, 221, 6, 3, 3, 'DELLA LAILATUL INAYAH', '2365', '2365', 1, 1, '-', '-', '0000-00-00', '-'),
(220, 222, 6, 3, 3, 'DESILFA REGI DIAZ NOVIANY', '2366', '2366', 1, 1, '-', '-', '0000-00-00', '-'),
(221, 223, 6, 3, 3, 'DEVITA EFRATANIA', '2367', '2367', 1, 1, '-', '-', '0000-00-00', '-'),
(222, 224, 6, 3, 3, 'DITA AYU ALISTIA', '2368', '2368', 1, 1, '-', '-', '0000-00-00', '-'),
(223, 225, 6, 3, 3, 'ERIKA MITA SEFTIYANI', '2369', '2369', 1, 1, '-', '-', '0000-00-00', '-'),
(224, 226, 6, 3, 3, 'FAJAR MAULIDA WAHYUNINGRUM', '2370', '2370', 1, 1, '-', '-', '0000-00-00', '-'),
(225, 227, 10, 3, 3, 'ARIS RIZAL WIJAYANTO', '2261', '2261', 1, 1, '-', '-', '0000-00-00', '-'),
(226, NULL, 10, 3, 3, 'CHUSEN ISMAIL SIDIQ', '2262', '2262', 1, 1, '-', '-', '0000-00-00', '-'),
(227, 228, 1, 3, 3, 'KENCANA PUTRA', '2302', '2302', 1, 1, '-', '-', '0000-00-00', '-'),
(228, 229, 1, 3, 3, 'MAULANA NOFA KARISMA', '2303', '2303', 1, 1, '-', '-', '0000-00-00', '-'),
(229, 230, 1, 3, 3, 'MUHAMMAD ADHIM NUR KHOLIK', '2304', '2304', 1, 1, '-', '-', '0000-00-00', '-'),
(230, 231, 7, 3, 3, 'AHMAD AGUS WICAKSONO', '2394', '2394', 1, 1, '-', '-', '0000-00-00', '-'),
(231, 232, 7, 3, 3, 'ALDI FIAN RAMADHAN', '2395', '2395', 1, 1, '-', '-', '0000-00-00', '-'),
(232, 233, 7, 3, 3, 'AMALINDA DWI YULIANTI', '2396', '2396', 1, 1, '-', '-', '0000-00-00', '-'),
(233, 234, 7, 3, 3, 'ASTRI NOFIA NINGRUM', '2397', '2397', 1, 1, '-', '-', '0000-00-00', '-'),
(234, 235, 7, 3, 3, 'AYU NOVITA SARI', '2398', '2398', 1, 1, '-', '-', '0000-00-00', '-'),
(235, 236, 7, 3, 3, 'DHIAH PUSPITA', '2399', '2399', 1, 1, '-', '-', '0000-00-00', '-'),
(236, 237, 7, 3, 3, 'EKO NOOR HARDIANSYAH', '2400', '2400', 1, 1, '-', '-', '0000-00-00', '-'),
(237, 238, 7, 3, 3, 'ELEN SEPITA SARI', '2401', '2401', 1, 1, '-', '-', '0000-00-00', '-'),
(238, 239, 7, 3, 3, 'ELVIRA ADISYA MAWARDANI', '2402', '2402', 1, 1, '-', '-', '0000-00-00', '-'),
(239, 240, 7, 3, 3, 'FITRI ANINGSIH', '2403', '2403', 1, 1, '-', '-', '0000-00-00', '-'),
(240, 241, 7, 3, 3, 'GITA KRISTIYANI', '2404', '2404', 1, 1, '-', '-', '0000-00-00', '-'),
(241, 242, 7, 3, 3, 'HANI SALSABILA', '2405', '2405', 1, 1, '-', '-', '0000-00-00', '-'),
(242, 243, 7, 3, 3, 'IRFAN JOKO PRASETIYO', '2406', '2406', 1, 1, '-', '-', '0000-00-00', '-'),
(243, 244, 7, 3, 3, 'IVANA ADITIYA', '2407', '2407', 1, 1, '-', '-', '0000-00-00', '-'),
(244, 245, 8, 3, 3, 'AHMAD ULIN NUHA', '2430', '2430', 1, 1, '-', '-', '0000-00-00', '-'),
(245, 246, 8, 3, 3, 'ANGEL DISTALIA ASMARA', '2431', '2431', 1, 1, '-', '-', '0000-00-00', '-'),
(246, 247, 8, 3, 3, 'ASTRIT ILMI SAFITRI', '2432', '2432', 1, 1, '-', '-', '0000-00-00', '-'),
(247, 248, 8, 3, 3, 'BELLA FITRIANINGRUM', '2433', '2433', 1, 1, '-', '-', '0000-00-00', '-'),
(248, 249, 8, 3, 3, 'DONA AMELYA TAMARA', '2434', '2434', 1, 1, '-', '-', '0000-00-00', '-'),
(249, 250, 8, 3, 3, 'DWI ARUM MUSTIKO NING TYAS', '2435', '2435', 1, 1, '-', '-', '0000-00-00', '-'),
(250, 251, 8, 3, 3, 'ELVIRA SASKIA FATMAWATI', '2436', '2436', 1, 1, '-', '-', '0000-00-00', '-'),
(251, 252, 8, 3, 3, 'FERA PUTRI AGUSTININGSIH', '2437', '2437', 1, 1, '-', '-', '0000-00-00', '-'),
(252, 253, 8, 3, 3, 'FERDY KHOIRUL ISZHAR', '2438', '2438', 1, 1, '-', '-', '0000-00-00', '-'),
(253, 254, 8, 3, 3, 'FRABELA FEBRIANTI', '2439', '2439', 1, 1, '-', '-', '0000-00-00', '-'),
(254, 255, 8, 3, 3, 'JESICA ALFRENNINDA DWI AGUSTIN', '2440', '2440', 1, 1, '-', '-', '0000-00-00', '-'),
(255, 256, 8, 3, 3, 'KHUSNUL KHOTIMAH', '2441', '2441', 1, 1, '-', '-', '0000-00-00', '-'),
(256, 257, 8, 3, 3, 'LINDA SEPTA PUSPITA WIDYAS MAHARANI', '2442', '2442', 1, 1, '-', '-', '0000-00-00', '-'),
(257, 258, 8, 3, 3, 'MARSHELLA FRANSKIA AGUSTIN', '2443', '2443', 1, 1, '-', '-', '0000-00-00', '-'),
(258, 259, 11, 3, 3, 'ADEI RIZKI DARMAYANTI', '2466', '2466', 1, 1, '-', '-', '0000-00-00', '-'),
(259, 260, 11, 3, 3, 'AGUS SETIAWAN', '2467', '2467', 1, 1, '-', '-', '0000-00-00', '-'),
(260, 261, 11, 3, 3, 'AHMAD ALDITRIA MUZAKI', '2468', '2468', 1, 1, '-', '-', '0000-00-00', '-'),
(261, 262, 11, 3, 3, 'AHMAD REYNALDI SURYA SAPUTRA', '2469', '2469', 1, 1, '-', '-', '0000-00-00', '-'),
(262, 263, 11, 3, 3, 'AL FINA DHIROSATUN NURIL HASNA', '2470', '2470', 1, 1, '-', '-', '0000-00-00', '-'),
(263, 264, 11, 3, 3, 'AYU DWI PUTRI', '2471', '2471', 1, 1, '-', '-', '0000-00-00', '-'),
(264, 265, 11, 3, 3, 'BELA ANTANIA', '2472', '2472', 1, 1, '-', '-', '0000-00-00', '-'),
(265, 266, 11, 3, 3, 'CINDY AYU WULANDARI', '2473', '2473', 1, 1, '-', '-', '0000-00-00', '-'),
(266, 267, 11, 3, 3, 'ELIANTINA', '2474', '2474', 1, 1, '-', '-', '0000-00-00', '-'),
(267, 268, 11, 3, 3, 'FEBBY RIO ERLANGGA', '2476', '2476', 1, 1, '-', '-', '0000-00-00', '-'),
(268, 269, 11, 3, 3, 'FERA ZULIA NINGRUM', '2477', '2477', 1, 1, '-', '-', '0000-00-00', '-'),
(269, 270, 11, 3, 3, 'FINA ROHMAWATI', '2478', '2478', 1, 1, '-', '-', '0000-00-00', '-'),
(270, 271, 11, 3, 3, 'FITRI NURDIANA SARI', '2479', '2479', 1, 1, '-', '-', '0000-00-00', '-'),
(271, 272, 12, 3, 3, 'ADHETA SILVIA FESTADHONA', '2502', '2502', 1, 1, '-', '-', '0000-00-00', '-'),
(272, 273, 12, 3, 3, 'AHMAD ALAMUL HUDA', '2503', '2503', 1, 1, '-', '-', '0000-00-00', '-'),
(273, 274, 12, 3, 3, 'AHMAD ALDI IRWAN', '2504', '2504', 1, 1, '-', '-', '0000-00-00', '-'),
(274, 275, 12, 3, 3, 'AIDA NUR ARIFAH', '2505', '2505', 1, 1, '-', '-', '0000-00-00', '-'),
(275, 276, 12, 3, 3, 'ANIS ASYIATUZ ZAROH', '2506', '2506', 1, 1, '-', '-', '0000-00-00', '-'),
(276, 277, 12, 3, 3, 'ANJELIKA OKTAFIANI', '2507', '2507', 1, 1, '-', '-', '0000-00-00', '-'),
(277, 278, 12, 3, 3, 'DELTA AYU SAPUTRI', '2508', '2508', 1, 1, '-', '-', '0000-00-00', '-'),
(278, 279, 12, 3, 3, 'DELTA TRI ANGGARA PUTRA', '2509', '2509', 1, 1, '-', '-', '0000-00-00', '-'),
(279, 280, 12, 3, 3, 'DIAH ANGGI SAFITRI', '2510', '2510', 1, 1, '-', '-', '0000-00-00', '-'),
(280, 281, 12, 3, 3, 'FEBRIAN KUSUMA MAHARDIKA', '2511', '2511', 1, 1, '-', '-', '0000-00-00', '-'),
(281, 282, 12, 3, 3, 'HANNA ECHA SARI', '2512', '2512', 1, 1, '-', '-', '0000-00-00', '-'),
(282, 283, 12, 3, 3, 'INDRI RAHMATIKA AZZARO', '2514', '2514', 1, 1, '-', '-', '0000-00-00', '-'),
(283, 284, 12, 3, 3, 'INTAN PUTRI PRAMESWARI', '2515', '2515', 1, 1, '-', '-', '0000-00-00', '-'),
(284, 285, 4, 3, 3, 'AHMAD ABDUL WAHAB', '2538', '2538', 1, 1, '-', '-', '0000-00-00', '-'),
(285, 286, 4, 3, 3, 'AHSOL AMRI', '2539', '2539', 1, 1, '-', '-', '0000-00-00', '-'),
(286, 287, 4, 3, 3, 'AMELIA PUTRI WULANDARI', '2540', '2540', 1, 1, '-', '-', '0000-00-00', '-'),
(287, 288, 4, 3, 3, 'ANDRE SANTOSO', '2541', '2541', 1, 1, '-', '-', '0000-00-00', '-'),
(288, 289, 4, 3, 3, 'ANITA FITRIYANI', '2542', '2542', 1, 1, '-', '-', '0000-00-00', '-'),
(289, 290, 4, 3, 3, 'ARDIANSYAH WAHYU PRATAMA', '2543', '2543', 1, 1, '-', '-', '0000-00-00', '-'),
(290, 291, 4, 3, 3, 'ARI PRATAMA', '2544', '2544', 1, 1, '-', '-', '0000-00-00', '-'),
(291, 292, 4, 3, 3, 'ARISENDI NOVARUDIKA', '2545', '2545', 1, 1, '-', '-', '0000-00-00', '-'),
(292, 293, 4, 3, 3, 'BAGAS MANTOFANI', '2546', '2546', 1, 1, '-', '-', '0000-00-00', '-'),
(293, 294, 4, 3, 3, 'DESI FITRIYANI', '2547', '2547', 1, 1, '-', '-', '0000-00-00', '-'),
(294, 295, 4, 3, 3, 'EKO ARI ANANDA', '2548', '2548', 1, 1, '-', '-', '0000-00-00', '-'),
(295, 296, 4, 3, 3, 'ERFIKA MAUNITASARI', '2549', '2549', 1, 1, '-', '-', '0000-00-00', '-'),
(296, 297, 4, 3, 3, 'ERIKA DELLA PUSPITA', '2550', '2550', 1, 1, '-', '-', '0000-00-00', '-'),
(297, 298, 5, 3, 3, 'AISYAH ANANDA PUTRI', '2574', '2574', 1, 1, '-', '-', '0000-00-00', '-'),
(298, 299, 5, 3, 3, 'ALFAAT FALENTINO', '2575', '2575', 1, 1, '-', '-', '0000-00-00', '-'),
(299, 300, 5, 3, 3, 'ALFUNING HIKMAH', '2576', '2576', 1, 1, '-', '-', '0000-00-00', '-'),
(300, 301, 5, 3, 3, 'ANDIKA DWI KURNIAWAN', '2577', '2577', 1, 1, '-', '-', '0000-00-00', '-'),
(301, 302, 5, 3, 3, 'ANDIKA HUDI PRAYOGA', '2578', '2578', 1, 1, '-', '-', '0000-00-00', '-'),
(302, 303, 5, 3, 3, 'APRIESCHA DARA SAFARA', '2579', '2579', 1, 1, '-', '-', '0000-00-00', '-'),
(303, 304, 5, 3, 3, 'ARFIYAN AJI PRATAMA', '2580', '2580', 1, 1, '-', '-', '0000-00-00', '-'),
(304, 305, 5, 3, 3, 'BAGUS PUJI UTOMO', '2581', '2581', 1, 1, '-', '-', '0000-00-00', '-'),
(305, 306, 5, 3, 3, 'DEVITA ANGGRAINI', '2582', '2582', 1, 1, '-', '-', '0000-00-00', '-'),
(306, 307, 5, 3, 3, 'DHEA YUNIA SARI', '2583', '2583', 1, 1, '-', '-', '0000-00-00', '-'),
(307, 308, 5, 3, 3, 'FARIZ ABDILLAH QHODAR', '2584', '2584', 1, 1, '-', '-', '0000-00-00', '-'),
(308, 309, 5, 3, 3, 'HELMAESA DIEGO PUTRA', '2585', '2585', 1, 1, '-', '-', '0000-00-00', '-'),
(309, 310, 5, 3, 3, 'LUDVI ABDUL MAJID AL VAIZ', '2587', '2587', 1, 1, '-', '-', '0000-00-00', '-'),
(310, 311, 14, 3, 3, 'Khoirul', '1941', '1941', 1, 1, '-', '-', '0000-00-00', '-'),
(311, NULL, 14, 3, 3, 'KHOIRUL ANNAS', '1941', '1941', 1, 1, '-', '-', '0000-00-00', '-'),
(312, NULL, 9, 3, 3, 'ABDUL WAKHID KHASAN ROSIDIN', '2214', '2214', 1, 1, '-', '-', '0000-00-00', '-'),
(313, NULL, 9, 3, 3, 'AHMAD AFIF', '2215', '2215', 1, 1, '-', '-', '0000-00-00', '-'),
(314, NULL, 9, 3, 3, 'AHMAD AZRUL MAULANA', '2216', '2216', 1, 1, '-', '-', '0000-00-00', '-'),
(315, NULL, 9, 3, 3, 'AHMAD SOKHIBUL WAFA TAJUL ARIFIN', '2217', '2217', 1, 1, '-', '-', '0000-00-00', '-'),
(316, NULL, 9, 3, 3, 'AHMAT THOLIQUL QILMI', '2218', '2218', 1, 1, '-', '-', '0000-00-00', '-'),
(317, NULL, 9, 3, 3, 'ARIS SETYAWAN', '2219', '2219', 1, 1, '-', '-', '0000-00-00', '-'),
(318, NULL, 9, 3, 3, 'ERIZA AHMAD DONI SETIAWAN', '2220', '2220', 1, 1, '-', '-', '0000-00-00', '-'),
(319, NULL, 9, 3, 3, 'FIRMAN HADI SAPUTRA', '2221', '2221', 1, 1, '-', '-', '0000-00-00', '-'),
(320, NULL, 9, 3, 3, 'FRANSISKO AKINTA ANDRIYAN S.', '2222', '2222', 1, 1, '-', '-', '0000-00-00', '-'),
(321, NULL, 9, 3, 3, 'IRVAN', '2223', '2223', 1, 1, '-', '-', '0000-00-00', '-'),
(322, NULL, 9, 3, 3, 'MUHAMAD DAFFAUR RAMADHAN', '2224', '2224', 1, 1, '-', '-', '0000-00-00', '-'),
(323, NULL, 9, 3, 3, 'MUHAMMAD ADITYA NUR ROHMAN', '2225', '2225', 1, 1, '-', '-', '0000-00-00', '-'),
(324, NULL, 9, 3, 3, 'MUHAMMAD ALFIN HIDAYAT', '2226', '2226', 1, 1, '-', '-', '0000-00-00', '-'),
(325, NULL, 10, 3, 3, 'AANDIKA CAHYA SETIYAWAN', '2250', '2250', 1, 1, '-', '-', '0000-00-00', '-'),
(326, NULL, 10, 3, 3, 'ACHIRUL ASHAR', '2251', '2251', 1, 1, '-', '-', '0000-00-00', '-'),
(327, NULL, 10, 3, 3, 'ACHMAD RIZAL MAULANA', '2252', '2252', 1, 1, '-', '-', '0000-00-00', '-'),
(328, NULL, 10, 3, 3, 'ADE RAHMAT SALEH', '2253', '2253', 1, 1, '-', '-', '0000-00-00', '-'),
(329, NULL, 10, 3, 3, 'ADHIF ADHI NANJAYA', '2254', '2254', 1, 1, '-', '-', '0000-00-00', '-'),
(330, NULL, 10, 3, 3, 'AHMAD FARID ABDUL HAQ', '2255', '2255', 1, 1, '-', '-', '0000-00-00', '-'),
(331, NULL, 10, 3, 3, 'AHMAD GHOFUR', '2256', '2256', 1, 1, '-', '-', '0000-00-00', '-'),
(332, NULL, 10, 3, 3, 'AISYA ARIF SABARA', '2258', '2258', 1, 1, '-', '-', '0000-00-00', '-'),
(333, NULL, 10, 3, 3, 'ALFARIZI PUTRA RAMADHAN', '2259', '2259', 1, 1, '-', '-', '0000-00-00', '-'),
(334, NULL, 10, 3, 3, 'ANDIKA CAHYA PRIYANDA', '2260', '2260', 1, 1, '-', '-', '0000-00-00', '-'),
(335, NULL, 10, 3, 3, 'CHUSEN ISMAIL SIDIQ', '2262', '2262', 1, 1, '-', '-', '0000-00-00', '-'),
(336, NULL, 1, 3, 3, 'ABELLINDO FAUSTIN', '2286', '2286', 1, 1, '-', '-', '0000-00-00', '-'),
(337, NULL, 1, 3, 3, 'ACHMAD HAKIM QOIRUL HAQ', '2287', '2287', 1, 1, '-', '-', '0000-00-00', '-'),
(338, NULL, 1, 3, 3, 'AHMAD ANSORI', '2288', '2288', 1, 1, '-', '-', '0000-00-00', '-'),
(339, NULL, 1, 3, 3, 'AHMAD FAIZUL UMRI', '2289', '2289', 1, 1, '-', '-', '0000-00-00', '-'),
(340, NULL, 1, 3, 3, 'AHMAD RONZALI', '2290', '2290', 1, 1, '-', '-', '0000-00-00', '-'),
(341, NULL, 1, 3, 3, 'ANDRE SETYAWAN', '2291', '2291', 1, 1, '-', '-', '0000-00-00', '-'),
(342, NULL, 1, 3, 3, 'ARIDA RISQIANA', '2292', '2292', 1, 1, '-', '-', '0000-00-00', '-'),
(343, NULL, 1, 3, 3, 'BERLIN KUSUMA DIKHA', '2293', '2293', 1, 1, '-', '-', '0000-00-00', '-'),
(344, NULL, 1, 3, 3, 'DAMAR HADI SURYA PRANOTO', '2294', '2294', 1, 1, '-', '-', '0000-00-00', '-'),
(345, NULL, 1, 3, 3, 'DARU TRI ATMOJO', '2295', '2295', 1, 1, '-', '-', '0000-00-00', '-'),
(346, NULL, 1, 3, 3, 'DEA NUR SAFITRI', '2296', '2296', 1, 1, '-', '-', '0000-00-00', '-'),
(347, NULL, 1, 3, 3, 'ADAM WAHYU ADI WANGSA', '2322', '2322', 1, 1, '-', '-', '0000-00-00', '-'),
(348, NULL, 1, 3, 3, 'AGUSTIO DWI PUTRA', '2323', '2323', 1, 1, '-', '-', '0000-00-00', '-'),
(349, NULL, 1, 3, 3, 'AHMAD FIKRUL UMAM', '2324', '2324', 1, 1, '-', '-', '0000-00-00', '-'),
(350, NULL, 2, 3, 3, 'AKBAR MAULANA SAFARUDIN', '2325', '2325', 1, 1, '-', '-', '0000-00-00', '-'),
(351, NULL, 2, 3, 3, 'ANDRE RIZKI PUJIYANTO', '2326', '2326', 1, 1, '-', '-', '0000-00-00', '-'),
(352, NULL, 2, 3, 3, 'ANI PRATIWI', '2327', '2327', 1, 1, '-', '-', '0000-00-00', '-'),
(353, NULL, 2, 3, 3, 'AQSOL AMRI', '2328', '2328', 1, 1, '-', '-', '0000-00-00', '-'),
(354, NULL, 2, 3, 3, 'CALFIN DANANG FIRMANSYAH', '2329', '2329', 1, 1, '-', '-', '0000-00-00', '-'),
(355, NULL, 2, 3, 3, 'CINDY PRAMITHASARI', '2330', '2330', 1, 1, '-', '-', '0000-00-00', '-'),
(356, NULL, 2, 3, 3, 'DAMARA SULTAN ALAMSYAH', '2331', '2331', 1, 1, '-', '-', '0000-00-00', '-'),
(357, NULL, 2, 3, 3, 'DANANG FEBY SAPUTRO', '2332', '2332', 1, 1, '-', '-', '0000-00-00', '-'),
(358, NULL, 2, 3, 3, 'DENICO NARENDRA', '2333', '2333', 1, 1, '-', '-', '0000-00-00', '-'),
(359, NULL, 2, 3, 3, 'DWI APRIANI', '2334', '2334', 1, 1, '-', '-', '0000-00-00', '-'),
(360, NULL, 2, 3, 3, 'ELINA AYU NOVIAWATI', '2335', '2335', 1, 1, '-', '-', '0000-00-00', '-'),
(361, NULL, 6, 3, 3, 'AHMAD AFVAN MAULANA', '2358', '2358', 1, 1, '-', '-', '0000-00-00', '-'),
(362, NULL, 6, 3, 3, 'AHMAD MUZAKI', '2359', '2359', 1, 1, '-', '-', '0000-00-00', '-'),
(363, NULL, 6, 3, 3, 'ALISA NUR SITA', '2360', '2360', 1, 1, '-', '-', '0000-00-00', '-'),
(364, NULL, 6, 3, 3, 'ALVIONITA CHRIS SAPUTRI', '2361', '2361', 1, 1, '-', '-', '0000-00-00', '-'),
(365, NULL, 6, 3, 3, 'AMANDA CITRA ERNANTA', '2362', '2362', 1, 1, '-', '-', '0000-00-00', '-'),
(366, NULL, 6, 3, 3, 'ANIK KARTINI', '2363', '2363', 1, 1, '-', '-', '0000-00-00', '-'),
(367, NULL, 6, 3, 3, 'DANIEL DWI SAPUTRA', '2364', '2364', 1, 1, '-', '-', '0000-00-00', '-'),
(368, NULL, 6, 3, 3, 'DELLA LAILATUL INAYAH', '2365', '2365', 1, 1, '-', '-', '0000-00-00', '-'),
(369, NULL, 6, 3, 3, 'DESILFA REGI DIAZ NOVIANY', '2366', '2366', 1, 1, '-', '-', '0000-00-00', '-'),
(370, NULL, 6, 3, 3, 'DEVITA EFRATANIA', '2367', '2367', 1, 1, '-', '-', '0000-00-00', '-'),
(371, NULL, 6, 3, 3, 'DITA AYU ALISTIA', '2368', '2368', 1, 1, '-', '-', '0000-00-00', '-'),
(372, NULL, 6, 3, 3, 'ERIKA MITA SEFTIYANI', '2369', '2369', 1, 1, '-', '-', '0000-00-00', '-'),
(373, NULL, 6, 3, 3, 'FAJAR MAULIDA WAHYUNINGRUM', '2370', '2370', 1, 1, '-', '-', '0000-00-00', '-'),
(374, NULL, 10, 3, 3, 'ARIS RIZAL WIJAYANTO', '2261', '2261', 1, 1, '-', '-', '0000-00-00', '-'),
(375, NULL, 10, 3, 3, 'CHUSEN ISMAIL SIDIQ', '2262', '2262', 1, 1, '-', '-', '0000-00-00', '-'),
(376, NULL, 1, 3, 3, 'KENCANA PUTRA', '2302', '2302', 1, 1, '-', '-', '0000-00-00', '-'),
(377, NULL, 1, 3, 3, 'MAULANA NOFA KARISMA', '2303', '2303', 1, 1, '-', '-', '0000-00-00', '-'),
(378, NULL, 1, 3, 3, 'MUHAMMAD ADHIM NUR KHOLIK', '2304', '2304', 1, 1, '-', '-', '0000-00-00', '-'),
(379, NULL, 7, 3, 3, 'AHMAD AGUS WICAKSONO', '2394', '2394', 1, 1, '-', '-', '0000-00-00', '-'),
(380, NULL, 7, 3, 3, 'ALDI FIAN RAMADHAN', '2395', '2395', 1, 1, '-', '-', '0000-00-00', '-'),
(381, NULL, 7, 3, 3, 'AMALINDA DWI YULIANTI', '2396', '2396', 1, 1, '-', '-', '0000-00-00', '-'),
(382, NULL, 7, 3, 3, 'ASTRI NOFIA NINGRUM', '2397', '2397', 1, 1, '-', '-', '0000-00-00', '-'),
(383, NULL, 7, 3, 3, 'AYU NOVITA SARI', '2398', '2398', 1, 1, '-', '-', '0000-00-00', '-'),
(384, NULL, 7, 3, 3, 'DHIAH PUSPITA', '2399', '2399', 1, 1, '-', '-', '0000-00-00', '-'),
(385, NULL, 7, 3, 3, 'EKO NOOR HARDIANSYAH', '2400', '2400', 1, 1, '-', '-', '0000-00-00', '-'),
(386, NULL, 7, 3, 3, 'ELEN SEPITA SARI', '2401', '2401', 1, 1, '-', '-', '0000-00-00', '-'),
(387, NULL, 7, 3, 3, 'ELVIRA ADISYA MAWARDANI', '2402', '2402', 1, 1, '-', '-', '0000-00-00', '-'),
(388, NULL, 7, 3, 3, 'FITRI ANINGSIH', '2403', '2403', 1, 1, '-', '-', '0000-00-00', '-'),
(389, NULL, 7, 3, 3, 'GITA KRISTIYANI', '2404', '2404', 1, 1, '-', '-', '0000-00-00', '-'),
(390, NULL, 7, 3, 3, 'HANI SALSABILA', '2405', '2405', 1, 1, '-', '-', '0000-00-00', '-'),
(391, NULL, 7, 3, 3, 'IRFAN JOKO PRASETIYO', '2406', '2406', 1, 1, '-', '-', '0000-00-00', '-'),
(392, NULL, 7, 3, 3, 'IVANA ADITIYA', '2407', '2407', 1, 1, '-', '-', '0000-00-00', '-'),
(393, NULL, 8, 3, 3, 'AHMAD ULIN NUHA', '2430', '2430', 1, 1, '-', '-', '0000-00-00', '-'),
(394, NULL, 8, 3, 3, 'ANGEL DISTALIA ASMARA', '2431', '2431', 1, 1, '-', '-', '0000-00-00', '-'),
(395, NULL, 8, 3, 3, 'ASTRIT ILMI SAFITRI', '2432', '2432', 1, 1, '-', '-', '0000-00-00', '-'),
(396, NULL, 8, 3, 3, 'BELLA FITRIANINGRUM', '2433', '2433', 1, 1, '-', '-', '0000-00-00', '-'),
(397, NULL, 8, 3, 3, 'DONA AMELYA TAMARA', '2434', '2434', 1, 1, '-', '-', '0000-00-00', '-'),
(398, NULL, 8, 3, 3, 'DWI ARUM MUSTIKO NING TYAS', '2435', '2435', 1, 1, '-', '-', '0000-00-00', '-'),
(399, NULL, 8, 3, 3, 'ELVIRA SASKIA FATMAWATI', '2436', '2436', 1, 1, '-', '-', '0000-00-00', '-'),
(400, NULL, 8, 3, 3, 'FERA PUTRI AGUSTININGSIH', '2437', '2437', 1, 1, '-', '-', '0000-00-00', '-'),
(401, NULL, 8, 3, 3, 'FERDY KHOIRUL ISZHAR', '2438', '2438', 1, 1, '-', '-', '0000-00-00', '-'),
(402, NULL, 8, 3, 3, 'FRABELA FEBRIANTI', '2439', '2439', 1, 1, '-', '-', '0000-00-00', '-'),
(403, NULL, 8, 3, 3, 'JESICA ALFRENNINDA DWI AGUSTIN', '2440', '2440', 1, 1, '-', '-', '0000-00-00', '-'),
(404, NULL, 8, 3, 3, 'KHUSNUL KHOTIMAH', '2441', '2441', 1, 1, '-', '-', '0000-00-00', '-'),
(405, NULL, 8, 3, 3, 'LINDA SEPTA PUSPITA WIDYAS MAHARANI', '2442', '2442', 1, 1, '-', '-', '0000-00-00', '-'),
(406, NULL, 8, 3, 3, 'MARSHELLA FRANSKIA AGUSTIN', '2443', '2443', 1, 1, '-', '-', '0000-00-00', '-'),
(407, NULL, 11, 3, 3, 'ADEI RIZKI DARMAYANTI', '2466', '2466', 1, 1, '-', '-', '0000-00-00', '-'),
(408, NULL, 11, 3, 3, 'AGUS SETIAWAN', '2467', '2467', 1, 1, '-', '-', '0000-00-00', '-'),
(409, NULL, 11, 3, 3, 'AHMAD ALDITRIA MUZAKI', '2468', '2468', 1, 1, '-', '-', '0000-00-00', '-'),
(410, NULL, 11, 3, 3, 'AHMAD REYNALDI SURYA SAPUTRA', '2469', '2469', 1, 1, '-', '-', '0000-00-00', '-'),
(411, NULL, 11, 3, 3, 'AL FINA DHIROSATUN NURIL HASNA', '2470', '2470', 1, 1, '-', '-', '0000-00-00', '-'),
(412, NULL, 11, 3, 3, 'AYU DWI PUTRI', '2471', '2471', 1, 1, '-', '-', '0000-00-00', '-'),
(413, NULL, 11, 3, 3, 'BELA ANTANIA', '2472', '2472', 1, 1, '-', '-', '0000-00-00', '-'),
(414, NULL, 11, 3, 3, 'CINDY AYU WULANDARI', '2473', '2473', 1, 1, '-', '-', '0000-00-00', '-'),
(415, NULL, 11, 3, 3, 'ELIANTINA', '2474', '2474', 1, 1, '-', '-', '0000-00-00', '-'),
(416, NULL, 11, 3, 3, 'FEBBY RIO ERLANGGA', '2476', '2476', 1, 1, '-', '-', '0000-00-00', '-'),
(417, NULL, 11, 3, 3, 'FERA ZULIA NINGRUM', '2477', '2477', 1, 1, '-', '-', '0000-00-00', '-'),
(418, NULL, 11, 3, 3, 'FINA ROHMAWATI', '2478', '2478', 1, 1, '-', '-', '0000-00-00', '-'),
(419, NULL, 11, 3, 3, 'FITRI NURDIANA SARI', '2479', '2479', 1, 1, '-', '-', '0000-00-00', '-'),
(420, NULL, 12, 3, 3, 'ADHETA SILVIA FESTADHONA', '2502', '2502', 1, 1, '-', '-', '0000-00-00', '-'),
(421, NULL, 12, 3, 3, 'AHMAD ALAMUL HUDA', '2503', '2503', 1, 1, '-', '-', '0000-00-00', '-'),
(422, NULL, 12, 3, 3, 'AHMAD ALDI IRWAN', '2504', '2504', 1, 1, '-', '-', '0000-00-00', '-'),
(423, NULL, 12, 3, 3, 'AIDA NUR ARIFAH', '2505', '2505', 1, 1, '-', '-', '0000-00-00', '-'),
(424, NULL, 12, 3, 3, 'ANIS ASYIATUZ ZAROH', '2506', '2506', 1, 1, '-', '-', '0000-00-00', '-'),
(425, NULL, 12, 3, 3, 'ANJELIKA OKTAFIANI', '2507', '2507', 1, 1, '-', '-', '0000-00-00', '-'),
(426, NULL, 12, 3, 3, 'DELTA AYU SAPUTRI', '2508', '2508', 1, 1, '-', '-', '0000-00-00', '-'),
(427, NULL, 12, 3, 3, 'DELTA TRI ANGGARA PUTRA', '2509', '2509', 1, 1, '-', '-', '0000-00-00', '-'),
(428, NULL, 12, 3, 3, 'DIAH ANGGI SAFITRI', '2510', '2510', 1, 1, '-', '-', '0000-00-00', '-'),
(429, NULL, 12, 3, 3, 'FEBRIAN KUSUMA MAHARDIKA', '2511', '2511', 1, 1, '-', '-', '0000-00-00', '-'),
(430, NULL, 12, 3, 3, 'HANNA ECHA SARI', '2512', '2512', 1, 1, '-', '-', '0000-00-00', '-'),
(431, NULL, 12, 3, 3, 'INDRI RAHMATIKA AZZARO', '2514', '2514', 1, 1, '-', '-', '0000-00-00', '-'),
(432, NULL, 12, 3, 3, 'INTAN PUTRI PRAMESWARI', '2515', '2515', 1, 1, '-', '-', '0000-00-00', '-'),
(433, NULL, 4, 3, 3, 'AHMAD ABDUL WAHAB', '2538', '2538', 1, 1, '-', '-', '0000-00-00', '-'),
(434, NULL, 4, 3, 3, 'AHSOL AMRI', '2539', '2539', 1, 1, '-', '-', '0000-00-00', '-'),
(435, NULL, 4, 3, 3, 'AMELIA PUTRI WULANDARI', '2540', '2540', 1, 1, '-', '-', '0000-00-00', '-'),
(436, NULL, 4, 3, 3, 'ANDRE SANTOSO', '2541', '2541', 1, 1, '-', '-', '0000-00-00', '-'),
(437, NULL, 4, 3, 3, 'ANITA FITRIYANI', '2542', '2542', 1, 1, '-', '-', '0000-00-00', '-'),
(438, NULL, 4, 3, 3, 'ARDIANSYAH WAHYU PRATAMA', '2543', '2543', 1, 1, '-', '-', '0000-00-00', '-'),
(439, NULL, 4, 3, 3, 'ARI PRATAMA', '2544', '2544', 1, 1, '-', '-', '0000-00-00', '-'),
(440, NULL, 4, 3, 3, 'ARISENDI NOVARUDIKA', '2545', '2545', 1, 1, '-', '-', '0000-00-00', '-'),
(441, NULL, 4, 3, 3, 'BAGAS MANTOFANI', '2546', '2546', 1, 1, '-', '-', '0000-00-00', '-'),
(442, NULL, 4, 3, 3, 'DESI FITRIYANI', '2547', '2547', 1, 1, '-', '-', '0000-00-00', '-'),
(443, NULL, 4, 3, 3, 'EKO ARI ANANDA', '2548', '2548', 1, 1, '-', '-', '0000-00-00', '-'),
(444, NULL, 4, 3, 3, 'ERFIKA MAUNITASARI', '2549', '2549', 1, 1, '-', '-', '0000-00-00', '-'),
(445, NULL, 4, 3, 3, 'ERIKA DELLA PUSPITA', '2550', '2550', 1, 1, '-', '-', '0000-00-00', '-'),
(446, NULL, 5, 3, 3, 'AISYAH ANANDA PUTRI', '2574', '2574', 1, 1, '-', '-', '0000-00-00', '-'),
(447, NULL, 5, 3, 3, 'ALFAAT FALENTINO', '2575', '2575', 1, 1, '-', '-', '0000-00-00', '-'),
(448, NULL, 5, 3, 3, 'ALFUNING HIKMAH', '2576', '2576', 1, 1, '-', '-', '0000-00-00', '-'),
(449, NULL, 5, 3, 3, 'ANDIKA DWI KURNIAWAN', '2577', '2577', 1, 1, '-', '-', '0000-00-00', '-'),
(450, NULL, 5, 3, 3, 'ANDIKA HUDI PRAYOGA', '2578', '2578', 1, 1, '-', '-', '0000-00-00', '-'),
(451, NULL, 5, 3, 3, 'APRIESCHA DARA SAFARA', '2579', '2579', 1, 1, '-', '-', '0000-00-00', '-'),
(452, NULL, 5, 3, 3, 'ARFIYAN AJI PRATAMA', '2580', '2580', 1, 1, '-', '-', '0000-00-00', '-'),
(453, NULL, 5, 3, 3, 'BAGUS PUJI UTOMO', '2581', '2581', 1, 1, '-', '-', '0000-00-00', '-'),
(454, NULL, 5, 3, 3, 'DEVITA ANGGRAINI', '2582', '2582', 1, 1, '-', '-', '0000-00-00', '-'),
(455, NULL, 5, 3, 3, 'DHEA YUNIA SARI', '2583', '2583', 1, 1, '-', '-', '0000-00-00', '-'),
(456, NULL, 5, 3, 3, 'FARIZ ABDILLAH QHODAR', '2584', '2584', 1, 1, '-', '-', '0000-00-00', '-'),
(457, NULL, 5, 3, 3, 'HELMAESA DIEGO PUTRA', '2585', '2585', 1, 1, '-', '-', '0000-00-00', '-'),
(458, NULL, 5, 3, 3, 'LUDVI ABDUL MAJID AL VAIZ', '2587', '2587', 1, 1, '-', '-', '0000-00-00', '-'),
(459, NULL, 14, 3, 3, 'Khoirul', '1941', '1941', 1, 1, '-', '-', '0000-00-00', '-'),
(460, NULL, 14, 3, 3, 'KHOIRUL ANNAS', '1941', '1941', 1, 1, '-', '-', '0000-00-00', '-');

-- --------------------------------------------------------

--
-- Struktur dari tabel `th_ajaran`
--

CREATE TABLE `th_ajaran` (
  `id` int(11) NOT NULL,
  `title` varchar(255) NOT NULL
) ENGINE=InnoDB DEFAULT CHARSET=latin1;

--
-- Dumping data untuk tabel `th_ajaran`
--

INSERT INTO `th_ajaran` (`id`, `title`) VALUES
(1, '2017-2018'),
(2, '2018-2019'),
(3, '2019-2020');

-- --------------------------------------------------------

--
-- Struktur dari tabel `user`
--

CREATE TABLE `user` (
  `id` int(11) NOT NULL,
  `username` varchar(255) NOT NULL,
  `password` varchar(255) NOT NULL,
  `email` varchar(255) NOT NULL,
  `token` varchar(255) NOT NULL,
  `active` tinyint(1) NOT NULL DEFAULT '0',
  `created` datetime NOT NULL DEFAULT CURRENT_TIMESTAMP,
  `updated` datetime NOT NULL DEFAULT CURRENT_TIMESTAMP ON UPDATE CURRENT_TIMESTAMP
) ENGINE=InnoDB DEFAULT CHARSET=latin1;

--
-- Dumping data untuk tabel `user`
--

INSERT INTO `user` (`id`, `username`, `password`, `email`, `token`, `active`, `created`, `updated`) VALUES
(1, 'root', '$2y$10$C3zyhmbvnu7vD0DS.xjJT.RMTOp4oTDEV9/7UFljdIz.bOBsX6NPG', 'iwan@gmail.com', '', 0, '2019-09-25 20:42:39', '2019-09-26 02:32:42'),
(2, 'aw', '$2y$10$C3zyhmbvnu7vD0DS.xjJT.RMTOp4oTDEV9/7UFljdIz.bOBsX6NPG', 'iwansafr@gmail.com', '', 0, '2019-09-25 22:17:18', '2019-09-25 22:17:18'),
(13, 'A', '$2y$10$mp/7rcNAAxmeTWJPZYQGdeXGdilc7ftjEwO9IHsqXZpVBjfeblj7C', '-', '', 0, '2019-10-26 11:39:45', '2019-10-26 11:39:45'),
(14, 'AZ', '$2y$10$IljZwLD2dPxdpTiuhQqiFOaXECK5XzCqgcdmOkz2CDr8TM1mkbLnq', '-', '', 0, '2019-10-26 11:40:15', '2019-10-26 11:40:15'),
(165, '2214', '$2y$10$DYNcwJv.4v.RKARlh/is9.eZFkohgrpazXEnP6.TlJ82Qx8EA9dLK', '-', '', 0, '2019-11-18 12:16:21', '2019-11-18 12:16:21'),
(166, '2215', '$2y$10$AaiLDcrtI4qLLnZAlwNFCOxuSnpuhQHdyIBgGK9c2G.SAxz9uaWi.', '-', '', 0, '2019-11-18 12:16:21', '2019-11-18 12:16:21'),
(167, '2216', '$2y$10$jL3./DIulNjVluO17g7JJ.KKlQkiAjFAAvngmvaHnbPrMmMDK1P5i', '-', '', 0, '2019-11-18 12:16:22', '2019-11-18 12:16:22'),
(168, '2217', '$2y$10$1FhTjfvumkExc4TRihOXYOpQvGG/zgHRT/X2xeA/lPEki9fZhi/Ai', '-', '', 0, '2019-11-18 12:16:22', '2019-11-18 12:16:22'),
(169, '2218', '$2y$10$iqz5GXi.HBEi7iMUQJGxDeIDD.R1nuezNsAU6R3WL46/CiLkJhanq', '-', '', 0, '2019-11-18 12:16:22', '2019-11-18 12:16:22'),
(170, '2219', '$2y$10$3O9RyPwJfgcn.ssJAoHX0.N.3M2SERNb2sbODuRWWNaJ8oxJr4JkW', '-', '', 0, '2019-11-18 12:16:22', '2019-11-18 12:16:22'),
(171, '2220', '$2y$10$GT/4VC10QJkzLykFUSkphuJfmCy2NZ8LPUd8CWpjJCLmsKFUA/IuK', '-', '', 0, '2019-11-18 12:16:23', '2019-11-18 12:16:23'),
(172, '2221', '$2y$10$GHx31al1mSr.520z2Y40ueDb5YQhR1Q.c7zbym9h6o3ZYgqGNzceK', '-', '', 0, '2019-11-18 12:16:23', '2019-11-18 12:16:23'),
(173, '2222', '$2y$10$5b/mZIPbgUtohFB1ggBay.bAkKqfGeuZYgrLfSGnMLsAJtk5Vp0Kq', '-', '', 0, '2019-11-18 12:16:23', '2019-11-18 12:16:23'),
(174, '2223', '$2y$10$wyOlgjEKSAvcuXgNYCZwmuh0Aem3k9I6UypZFArEn.dThtLI4OgDS', '-', '', 0, '2019-11-18 12:16:24', '2019-11-18 12:16:24'),
(175, '2224', '$2y$10$kEBP7/KwqmdkKmU.JdX33eo4GhZ8/354c96FbUycQpeJzfNOETHdu', '-', '', 0, '2019-11-18 12:16:24', '2019-11-18 12:16:24'),
(176, '2225', '$2y$10$L8lnRVSi6OoBLXXpLvqkIeEZ6l.XxRPJFD/ARYJLA/gu1ByoUoGrG', '-', '', 0, '2019-11-18 12:16:24', '2019-11-18 12:16:24'),
(177, '2226', '$2y$10$wuYDgTT6Fi0KH4ENYuwE5e4yLV/NDLrQluyrMh4kkyAz17JB03Jk6', '-', '', 0, '2019-11-18 12:16:24', '2019-11-18 12:16:24'),
(178, '2250', '$2y$10$niZHyYaXYMGLmhwiu0/hKOgVTQHn7Y65F1E5aav7ybBgYWzCX7D4e', '-', '', 0, '2019-11-18 12:16:24', '2019-11-18 12:16:24'),
(179, '2251', '$2y$10$Q9VQlMWyamMpkAh2AZeej.QlnTx/6Rjd77mVzFdVgY6tLRh3n1aCG', '-', '', 0, '2019-11-18 12:16:25', '2019-11-18 12:16:25'),
(180, '2252', '$2y$10$WDlh6ai.X78FOyCS.526befLJpaXkFmgqyiqRzZtNVXj6HXfQ2gG.', '-', '', 0, '2019-11-18 12:16:25', '2019-11-18 12:16:25'),
(181, '2253', '$2y$10$K540SFoQRhn4PrkeJozLLOtSYtZufyNtMJ/FJr.fxpGdhEiVa74mm', '-', '', 0, '2019-11-18 12:16:25', '2019-11-18 12:16:25'),
(182, '2254', '$2y$10$WGZ3xB37QTsp7zXiCobVZ.5QEa4NuRy27TFZHAMXwUWn9thTr/YO2', '-', '', 0, '2019-11-18 12:16:25', '2019-11-18 12:16:25'),
(183, '2255', '$2y$10$O/FBy4YxEAIhrQD74zYry.i0oiRkHD/ViFrTxNUtnrWBWH23ZvTVO', '-', '', 0, '2019-11-18 12:16:26', '2019-11-18 12:16:26'),
(184, '2256', '$2y$10$tU.z7Tfrnchni/9SoYBaiutbFmZzAru5gE1qRRLZJyJNiPGGZ11tG', '-', '', 0, '2019-11-18 12:16:26', '2019-11-18 12:16:26'),
(185, '2258', '$2y$10$kndL9P4mU3vuVm7AnBrrkuOurNoZf9FipUj9zj7Em9ht/3gTLANz.', '-', '', 0, '2019-11-18 12:16:26', '2019-11-18 12:16:26'),
(186, '2259', '$2y$10$hWWi2bkp0BMk1fz/egEJ2OLDU9iTb/DADaLHXpX2t.HWfy/R3q0CG', '-', '', 0, '2019-11-18 12:16:26', '2019-11-18 12:16:26'),
(187, '2260', '$2y$10$5RZjrBoYQEqxvHmkyIdXtOmEbwh/V25BfbvKTFrQCsZ36JwAkVWYi', '-', '', 0, '2019-11-18 12:16:26', '2019-11-18 12:16:26'),
(188, '2262', '$2y$10$kgf3caW4yMl7O3C.5RuQ6ezpWll1A37vO3APEisDvEA4wE1Vhtjb2', '-', '', 0, '2019-11-18 12:16:26', '2019-11-18 12:16:26'),
(189, '2286', '$2y$10$JPkBAffgGSoxAZ8Epq2V3e8VFx8fFSxx67O1qWhUG76zxPdEXOn6W', '-', '', 0, '2019-11-18 12:16:27', '2019-11-18 12:16:27'),
(190, '2287', '$2y$10$cdSN/skUEPZEZkdK2Kk6j.5vWHSBHZdCRzSdvoNJSkxOFSm1Oy4f.', '-', '', 0, '2019-11-18 12:16:27', '2019-11-18 12:16:27'),
(191, '2288', '$2y$10$C4S6guNiX1/0e83akTKxlOCX.crK8Sf/tYIjacbdAMkC7xYp12rrG', '-', '', 0, '2019-11-18 12:16:27', '2019-11-18 12:16:27'),
(192, '2289', '$2y$10$oZjO5v6MopISGtLgIL9zGOVQc71CcJ93hlcv5/x2XIvCYu2wZrsO2', '-', '', 0, '2019-11-18 12:16:27', '2019-11-18 12:16:27'),
(193, '2290', '$2y$10$oTw94s9ySWQhMre.M5swO.yybgE9V3OHJtbXN9g0wr1bswrdoPKem', '-', '', 0, '2019-11-18 12:16:28', '2019-11-18 12:16:28'),
(194, '2291', '$2y$10$x1kC3UN.VDBSMpZaMlsS9ONxpL/xQXRop7nV4bldeSzgrxstB8H0O', '-', '', 0, '2019-11-18 12:16:28', '2019-11-18 12:16:28'),
(195, '2292', '$2y$10$Cv4j.1P8/BBctO1cM3HWueuTX9VrIrO5RVeNH9wjJXI1/bh1aPNDe', '-', '', 0, '2019-11-18 12:16:28', '2019-11-18 12:16:28'),
(196, '2293', '$2y$10$4WgKXarFBqX0ncx2iPPCZeiSwj2HkV1osbkjQoX42pWsvl8E/9/xW', '-', '', 0, '2019-11-18 12:16:28', '2019-11-18 12:16:28'),
(197, '2294', '$2y$10$0cZbmVJx2iF7/chZreq3i.zawGdoBhGXGGG9NavhUWwmJbhfiC87e', '-', '', 0, '2019-11-18 12:16:28', '2019-11-18 12:16:28'),
(198, '2295', '$2y$10$Ki0OqOkkJYcUlyFSuJZKG.UeERfbnR0pvjrOezXl4ndaxRbgQVlky', '-', '', 0, '2019-11-18 12:16:29', '2019-11-18 12:16:29'),
(199, '2296', '$2y$10$SwP71W1XBj9Q0qv0BmdNgeJWu2EzSC8YBxYiP4L6DkosYd0gDMyoK', '-', '', 0, '2019-11-18 12:16:29', '2019-11-18 12:16:29'),
(200, '2322', '$2y$10$NpT5YFmWIqMnFaSDHQaZW.7urZWzSBc0KdXyBKrY7aR/Loo21zoVe', '-', '', 0, '2019-11-18 12:16:29', '2019-11-18 12:16:29'),
(201, '2323', '$2y$10$YeB18.HReYPJC7iaDOW5L.jFhomFLMTxXiOR4fSeI96sG3b/GZANa', '-', '', 0, '2019-11-18 12:16:29', '2019-11-18 12:16:29'),
(202, '2324', '$2y$10$Rmsvu2QJu854i8ZIT3ntru.1xjeGhVzqB2l2kDhaV4Aia8qeP2fc.', '-', '', 0, '2019-11-18 12:16:29', '2019-11-18 12:16:29'),
(203, '2325', '$2y$10$2h7M1AAccN0i6otbgTIf7eIb9usP13lXeZyHzNQEcld7EJjt50snG', '-', '', 0, '2019-11-18 12:16:30', '2019-11-18 12:16:30'),
(204, '2326', '$2y$10$hL1hB7sZO6wV48QCB1QyPOgasJOZwDH9i7MtQp7x3YFgKY8F6Cplq', '-', '', 0, '2019-11-18 12:16:30', '2019-11-18 12:16:30'),
(205, '2327', '$2y$10$WB4M7HtigtAjLoFFFvemtuFjUJj/aaCeqgzo61ycprmOMJkto15/i', '-', '', 0, '2019-11-18 12:16:30', '2019-11-18 12:16:30'),
(206, '2328', '$2y$10$fsL2E0PXt5OEUR1A0f7lPeMiFvGZ/d6IoInXAxxCchQWZ964T7RoK', '-', '', 0, '2019-11-18 12:16:30', '2019-11-18 12:16:30'),
(207, '2329', '$2y$10$45cR6lYzVSyzpMegAaBnR.GdxoZMG31SFO928KVzyaYNKHO.4ecC6', '-', '', 0, '2019-11-18 12:16:30', '2019-11-18 12:16:30'),
(208, '2330', '$2y$10$AC/1vEzdbErD60uLb2d0Y.nAjLPA3xBoNtr4gSUrZuJKmpEaS5XQ2', '-', '', 0, '2019-11-18 12:16:31', '2019-11-18 12:16:31'),
(209, '2331', '$2y$10$6gpqCJtG.jkMb2VD6iVTTOvb1SmKxgv2C8zAcmQATJ9TbPLgLWeTu', '-', '', 0, '2019-11-18 12:16:31', '2019-11-18 12:16:31'),
(210, '2332', '$2y$10$xHyCBfhj4idwOWi5j9bcoulV8CGfKOZf4S0nmuTeEWBXJIX5gdL0a', '-', '', 0, '2019-11-18 12:16:31', '2019-11-18 12:16:31'),
(211, '2333', '$2y$10$r3St/d62.c0ZZIClqRUPueAODJnjrRl8lDacIxatlUoIrEfO1xwoO', '-', '', 0, '2019-11-18 12:16:31', '2019-11-18 12:16:31'),
(212, '2334', '$2y$10$dLvhGKyMOnyUXh3mX0wyeeqAfrm0sTOiQgxLGJqLQV/Bsl5j4vOvW', '-', '', 0, '2019-11-18 12:16:31', '2019-11-18 12:16:31'),
(213, '2335', '$2y$10$t8evb4ez7tDDGuVPOoDLJePNluqiqi2j5hGHbnkLxLjiwuwkHg8Mu', '-', '', 0, '2019-11-18 12:16:31', '2019-11-18 12:16:31'),
(214, '2358', '$2y$10$rekRL6TGXhJ7kPuhwnIKc.XDsglbIwEAlyNLhTs6FX0ejKnaaKLRG', '-', '', 0, '2019-11-18 12:16:32', '2019-11-18 12:16:32'),
(215, '2359', '$2y$10$u6YN7A6XCSDpl0VSuAyX.eIEUOq9NkpqYqbbCKlIKZAjco5T6X7gm', '-', '', 0, '2019-11-18 12:16:32', '2019-11-18 12:16:32'),
(216, '2360', '$2y$10$5OAn8Ib8Ta5LwN/L5VI79OatV2qQYUtam44NxipcrnsvODZYHqTDC', '-', '', 0, '2019-11-18 12:16:32', '2019-11-18 12:16:32'),
(217, '2361', '$2y$10$S5d6lTRjws/m1lsh4e6x2.DJU0YWuievH9o/exfD8Mz3k7zKICuu6', '-', '', 0, '2019-11-18 12:16:32', '2019-11-18 12:16:32'),
(218, '2362', '$2y$10$edLctQETFIvXt4GIqxliXOivY02/PM9nTsbGMoIECkQt2pP.syj7.', '-', '', 0, '2019-11-18 12:16:32', '2019-11-18 12:16:32'),
(219, '2363', '$2y$10$fOrllbYPlkmHWV8y9g3tKe5c.52hThLVgpGi24cd2d212GMVAHbnG', '-', '', 0, '2019-11-18 12:16:33', '2019-11-18 12:16:33'),
(220, '2364', '$2y$10$m2P8BArZwlUdeQmHzSEMke8gTVDPv9fW04ATmDWASVCHgNajCqSEO', '-', '', 0, '2019-11-18 12:16:33', '2019-11-18 12:16:33'),
(221, '2365', '$2y$10$sm9HCNNoAFkWi8oWqektqej9tR/xbBiaUyhzObkUaplULmVN0Kx4i', '-', '', 0, '2019-11-18 12:16:33', '2019-11-18 12:16:33'),
(222, '2366', '$2y$10$3bofOVIj9M3VHhf/Mcm6NOFUPm/kjZkP2h5mBko.HE2CwernmY2z6', '-', '', 0, '2019-11-18 12:16:33', '2019-11-18 12:16:33'),
(223, '2367', '$2y$10$UPsGd4nYcP4qslrNZLlZJOrqKw1AJ0M65VHqP5SgvLudwZoWhZ6f2', '-', '', 0, '2019-11-18 12:16:33', '2019-11-18 12:16:33'),
(224, '2368', '$2y$10$I7H8YIdTTdDcIej0FMGwU.lZWp.HM7jxhs07F.CdF62SeLTYB5uly', '-', '', 0, '2019-11-18 12:16:34', '2019-11-18 12:16:34'),
(225, '2369', '$2y$10$saXAB5bsUQizPnm9Hovh6.vYzadRACtwIc7DQkUpHjCRxab0JW12C', '-', '', 0, '2019-11-18 12:16:34', '2019-11-18 12:16:34'),
(226, '2370', '$2y$10$SjL9yH6Iu6HgprAcK02dSON8I61ugiNBiA/ul0VI9O1DT1QHfCbDa', '-', '', 0, '2019-11-18 12:16:34', '2019-11-18 12:16:34'),
(227, '2261', '$2y$10$AKGPfyZbwhYz1zt.UMpEaeprdkaGDHi/F0lNxaCpbmzJWdpcSFfLu', '-', '', 0, '2019-11-18 12:16:34', '2019-11-18 12:16:34'),
(228, '2302', '$2y$10$gpAqAsTOzXJK0EgVNeZ5jOzZRK3SUHuNAGtboE1WwT5B6caRO75Ty', '-', '', 0, '2019-11-18 12:16:34', '2019-11-18 12:16:34'),
(229, '2303', '$2y$10$BBji0s.2pvpJU6HIorpPJ.VHbBqcFIYl/SFh2cJMC6aBcEJXI9.L2', '-', '', 0, '2019-11-18 12:16:35', '2019-11-18 12:16:35'),
(230, '2304', '$2y$10$9g/EwSDLPiHSmkGVpjrKXO4kxNM9YhNraHs/Hy14b/.67ntzEcUuC', '-', '', 0, '2019-11-18 12:16:35', '2019-11-18 12:16:35'),
(231, '2394', '$2y$10$BwXm2rC7ileSOlcy8sn1Oe2F3vtv4axnTOXHlxhqycWRSbpd4Zpr2', '-', '', 0, '2019-11-18 12:16:35', '2019-11-18 12:16:35'),
(232, '2395', '$2y$10$ZM/e3/9yA5krR98/uIZvQ.EtYb4qoG6XxXNrD5yajrIz0XRw4EAwi', '-', '', 0, '2019-11-18 12:16:35', '2019-11-18 12:16:35'),
(233, '2396', '$2y$10$Y/zXJv9KBUP5xuFFPhiAYOb.NWs6N.hINKxvgMHVtv6AcSUAPWXRy', '-', '', 0, '2019-11-18 12:16:35', '2019-11-18 12:16:35'),
(234, '2397', '$2y$10$.cdA71tbnBPBfdJR1K1NmeWHEJ4IMMqnAgNiMnq9lGyaDT3ebWIIG', '-', '', 0, '2019-11-18 12:16:35', '2019-11-18 12:16:35'),
(235, '2398', '$2y$10$t860oXqb/5QbL.vUkNa11.fYD/ngb/bZrYFlcwfpnfsZd1i7BfZ.S', '-', '', 0, '2019-11-18 12:16:36', '2019-11-18 12:16:36'),
(236, '2399', '$2y$10$W/l3.nC6GjJ3Ko1whSekruqDrzzHFioVnckcMAn32lNZqR4fZ/N.y', '-', '', 0, '2019-11-18 12:16:36', '2019-11-18 12:16:36'),
(237, '2400', '$2y$10$RaTT6MkGVOeMEkZf3.hPJ.449B4DjVDDY9UXqyJsKVCsmePHgfklW', '-', '', 0, '2019-11-18 12:16:36', '2019-11-18 12:16:36'),
(238, '2401', '$2y$10$jwHCrB7DE3wL48E/T..Gmu28yhtlpHTHfLOM9DZHQ4EyhmIpE3uBq', '-', '', 0, '2019-11-18 12:16:36', '2019-11-18 12:16:36'),
(239, '2402', '$2y$10$XRaB4O1fsb78LHWMVwGR0.eBd78otsoJislhT/eX6vGkzycSCkn4i', '-', '', 0, '2019-11-18 12:16:36', '2019-11-18 12:16:36'),
(240, '2403', '$2y$10$5zM7rjenV/chEy6YtK0k/O.P7KgFEbGQJe30OKpm.02unLM1ksBvC', '-', '', 0, '2019-11-18 12:16:37', '2019-11-18 12:16:37'),
(241, '2404', '$2y$10$ciG6LWn.DQhPSoUvx2HCuegum56fOQpLsrsfjzcPyw3yZsoMMyTVu', '-', '', 0, '2019-11-18 12:16:37', '2019-11-18 12:16:37'),
(242, '2405', '$2y$10$188c.Ts.PT0qXv.lcvvZrOB84OX04uyDyG0sS1zglZanoiCsUqwgW', '-', '', 0, '2019-11-18 12:16:37', '2019-11-18 12:16:37'),
(243, '2406', '$2y$10$DuotmTZC1X03oSMrQLTUf.i.FyTfa/NSXi4jtOJ5ZRiSIdp2WTm6a', '-', '', 0, '2019-11-18 12:16:37', '2019-11-18 12:16:37'),
(244, '2407', '$2y$10$P4lQPkvUk8xQ4K/kuj8ES.Id.kULhKxR8DIJcwlN7mJbXSUqlZnQ.', '-', '', 0, '2019-11-18 12:16:37', '2019-11-18 12:16:37'),
(245, '2430', '$2y$10$beKHrmVtPeSF5P5RBgs5Le8Y0tBrmx70wgoYgBKI4aVrCiD87MFt6', '-', '', 0, '2019-11-18 12:16:38', '2019-11-18 12:16:38'),
(246, '2431', '$2y$10$GfbjF.dj5w6rC8fsz.F/R.kBi5SWF1jdEXgqohEcX.IBN5IY0ZUhG', '-', '', 0, '2019-11-18 12:16:38', '2019-11-18 12:16:38'),
(247, '2432', '$2y$10$0piG64tqpLaQf2dnsHKHie6WK8A6QCnjiltjpEsUyVmp17CSLTSii', '-', '', 0, '2019-11-18 12:16:38', '2019-11-18 12:16:38'),
(248, '2433', '$2y$10$WQBAwOJ5saP3.KjmpxGHLOnHxE3z8SPFCHMum8.YI5U3tmLuZ58se', '-', '', 0, '2019-11-18 12:16:38', '2019-11-18 12:16:38'),
(249, '2434', '$2y$10$BG2wPdYg9wbGv.cMqoYcNOMFCFd.S.XTab.5uVx07rCzzB8RDrggC', '-', '', 0, '2019-11-18 12:16:38', '2019-11-18 12:16:38'),
(250, '2435', '$2y$10$k.9dYmLaFegdMPh.skUOj.b3a/QWTtiOj8kqYmZ6ALY6KqM3iwrs2', '-', '', 0, '2019-11-18 12:16:39', '2019-11-18 12:16:39'),
(251, '2436', '$2y$10$X3fYpoJRiBAs/gDacadXTegJ85kIWvmEiNPlGC4n3yaRHoe1N3uoi', '-', '', 0, '2019-11-18 12:16:39', '2019-11-18 12:16:39'),
(252, '2437', '$2y$10$9RpxYVxCKy7arkEVESguCOJkqmdQG4Nj8Q/CNYVl74xGS2dRdJViu', '-', '', 0, '2019-11-18 12:16:39', '2019-11-18 12:16:39'),
(253, '2438', '$2y$10$kSwJrg37y/OVlElwGMzLfu969knHBpcV9A9v0.hg1Eco1MpRKM5mG', '-', '', 0, '2019-11-18 12:16:39', '2019-11-18 12:16:39'),
(254, '2439', '$2y$10$TPfAqYEQadLw2sF5OD9ZgeXD1KYFYiEU/W0kSp.y9VDVMgiG/kiaS', '-', '', 0, '2019-11-18 12:16:39', '2019-11-18 12:16:39'),
(255, '2440', '$2y$10$87yT4Www.mJOp/PJZAKZ1.ftnLrpAzJmhtcaZdh0N1.GYSpqBGa6S', '-', '', 0, '2019-11-18 12:16:40', '2019-11-18 12:16:40'),
(256, '2441', '$2y$10$89Md8K.K0Qt/IvHud1dGH./H6xBJ6MhdA.v46AjEPVsAyeV2j9v8q', '-', '', 0, '2019-11-18 12:16:40', '2019-11-18 12:16:40'),
(257, '2442', '$2y$10$PtIuhtgX1zvxZS3Ju3uMc.2JZE6RVBqhnQ36gJ3IppZ6nXqy3r1RO', '-', '', 0, '2019-11-18 12:16:40', '2019-11-18 12:16:40'),
(258, '2443', '$2y$10$AD2IJtjSPOQrJnbAbaVl.uI48iMo2WBgImZDLAhRGjk.tRWz5NfL2', '-', '', 0, '2019-11-18 12:16:40', '2019-11-18 12:16:40'),
(259, '2466', '$2y$10$mLoXwODKOBZlCz.B/dAm7ucLKSYYBs67mfj0a2XsToNR03P6mPwXS', '-', '', 0, '2019-11-18 12:16:40', '2019-11-18 12:16:40'),
(260, '2467', '$2y$10$nyKmyAcsIj8v44h1FH3vK.Emi31O3mL71ZevsyF5Di6f6Eo91Gyw.', '-', '', 0, '2019-11-18 12:16:40', '2019-11-18 12:16:40'),
(261, '2468', '$2y$10$O8CWNLsn7sLw1vsd9eS6x.EZR638WLnSbIOeLpWLCbSxOlA6JPDPG', '-', '', 0, '2019-11-18 12:16:41', '2019-11-18 12:16:41'),
(262, '2469', '$2y$10$pphsh9ds0OKxgzUTPYAdeuvY3uHqjDdyh8W6KoEQ8orfCdNLhJ.Oy', '-', '', 0, '2019-11-18 12:16:41', '2019-11-18 12:16:41'),
(263, '2470', '$2y$10$kMOANrcprHTaJdaQVUK9oO1VrKb5IoSCXbixdEiyc5O6jdocr3BJy', '-', '', 0, '2019-11-18 12:16:41', '2019-11-18 12:16:41'),
(264, '2471', '$2y$10$cElphOUTasiPw9JBh7Mbdef/4fQJ2B.JNjx39NGDQLstfZQ6KzmVO', '-', '', 0, '2019-11-18 12:16:41', '2019-11-18 12:16:41'),
(265, '2472', '$2y$10$FVYVza.PEkW5uM2rGmMzF.jP6FwzVotG4sWv2.ONNYbIQMjRcgB.i', '-', '', 0, '2019-11-18 12:16:41', '2019-11-18 12:16:41'),
(266, '2473', '$2y$10$4nsKzijiR4lVF56QYXm/t.jRO1B6T8zE2u4BrVxyahMk4YdNgVwu.', '-', '', 0, '2019-11-18 12:16:42', '2019-11-18 12:16:42'),
(267, '2474', '$2y$10$6Oiv8aDfReaj7HO8CpdWAOEbrPat/g1exno5LK1REmroh.13HbWgq', '-', '', 0, '2019-11-18 12:16:42', '2019-11-18 12:16:42'),
(268, '2476', '$2y$10$S0E.rOeFRUedGfEHA6G9DenM7I/uABfmWCaeL4HUdaiCh2SjXFhNW', '-', '', 0, '2019-11-18 12:16:42', '2019-11-18 12:16:42'),
(269, '2477', '$2y$10$rrGiIcLErL7YInsxXlrmf.8VJqAeouElpgJj5G9i9rruSG0bxXjou', '-', '', 0, '2019-11-18 12:16:42', '2019-11-18 12:16:42'),
(270, '2478', '$2y$10$cV.NjehaMXYw0dxN.eVkW.5Z9AK0nEEyfW9qswGivnuUvWg1O.zbe', '-', '', 0, '2019-11-18 12:16:42', '2019-11-18 12:16:42'),
(271, '2479', '$2y$10$2vzhTv2V/JxO52FA5xLuQu36nzI.J2ECDzxpD/JU1ZP9aRb46YEba', '-', '', 0, '2019-11-18 12:16:43', '2019-11-18 12:16:43'),
(272, '2502', '$2y$10$LEy8qWidAb1kkCzPpfeOoe.lPQOP7bNGRRAWdYJYwXHxKhdJMdIKm', '-', '', 0, '2019-11-18 12:16:43', '2019-11-18 12:16:43'),
(273, '2503', '$2y$10$L1MFAjHt7cs5QcBhfSCR/uDAnxikxA.14tCJ1VR3geQlq14sPdkpi', '-', '', 0, '2019-11-18 12:16:43', '2019-11-18 12:16:43'),
(274, '2504', '$2y$10$ZCmtyXJRu4BbAoPxvDtZp.60/tz3JoHTwQkscwbOHaMCyhFKHlAYe', '-', '', 0, '2019-11-18 12:16:43', '2019-11-18 12:16:43'),
(275, '2505', '$2y$10$TvAe0wyTadjXNw2R6JdYGuQjsf7su0VbxJtisV0VH.qiKOr5PngZK', '-', '', 0, '2019-11-18 12:16:43', '2019-11-18 12:16:43'),
(276, '2506', '$2y$10$faxsfb704tKlCjPBQyKrZO4f/ivKJDeUdZ0ARTyFTlapquoXLkv3m', '-', '', 0, '2019-11-18 12:16:43', '2019-11-18 12:16:43'),
(277, '2507', '$2y$10$T2rquxIUWyDCe8sQ.aJ.O.2d/5bUfCkZYqzpqq3T11C44px4nHgm2', '-', '', 0, '2019-11-18 12:16:44', '2019-11-18 12:16:44'),
(278, '2508', '$2y$10$5akM9ZcsoC8Cj.wHN/VcCeLZ9nKUnpJhw9qn8AGebXjsasA35UVhy', '-', '', 0, '2019-11-18 12:16:44', '2019-11-18 12:16:44'),
(279, '2509', '$2y$10$9rHLEeciUVoZiHMksmpAlunEzwv7EEHCa20U2sFjmrCEA/eDKud.e', '-', '', 0, '2019-11-18 12:16:44', '2019-11-18 12:16:44'),
(280, '2510', '$2y$10$k94bNGVTXHJOsZpnNUJ6qOsC.GdYq9290Nf13d0TUk0bmyGbjSkNi', '-', '', 0, '2019-11-18 12:16:44', '2019-11-18 12:16:44'),
(281, '2511', '$2y$10$fTo5bEitSNWDrWMrXlMi9OE5fwx9hl/XLZU64u90rBpeMQLkiGwZO', '-', '', 0, '2019-11-18 12:16:44', '2019-11-18 12:16:44'),
(282, '2512', '$2y$10$R04Mx9pBmArGrg2tJjv.we.Gqh9y7P2XvUgW2hlrxGTpwSQAZJf2.', '-', '', 0, '2019-11-18 12:16:45', '2019-11-18 12:16:45'),
(283, '2514', '$2y$10$ruzf.f4.q0IxikaXv9alrOCi9CITj/8S8WGd1669HslBHDLFvnZVm', '-', '', 0, '2019-11-18 12:16:45', '2019-11-18 12:16:45'),
(284, '2515', '$2y$10$y9Roxxc7E3IbrT5zRyz2E.By0css3qLe.iVi4DgDtjrbi3XvZLVhC', '-', '', 0, '2019-11-18 12:16:45', '2019-11-18 12:16:45'),
(285, '2538', '$2y$10$OqMPehqIsvDSrKEJ/dCCxOqxqIIycYKszp2hgvGBxGjbsArUYTQVu', '-', '', 0, '2019-11-18 12:16:45', '2019-11-18 12:16:45'),
(286, '2539', '$2y$10$r8UqZQPAdc9a.Kit9NedCeMNftn6Fbb8wQEHS1Y3deqU7gnQhIHQ2', '-', '', 0, '2019-11-18 12:16:45', '2019-11-18 12:16:45'),
(287, '2540', '$2y$10$iMNXhJ4NgZd4GxVHbQP3Oe04Llg.YDvyca/JNTL4fqKQhQyQIRpgS', '-', '', 0, '2019-11-18 12:16:46', '2019-11-18 12:16:46'),
(288, '2541', '$2y$10$lUECAWhtT9nvIFvP.hKLveAm/3y.EDNwSVYP8xjW04nI80zwiVRKi', '-', '', 0, '2019-11-18 12:16:46', '2019-11-18 12:16:46'),
(289, '2542', '$2y$10$rRqLke.jrwhKC7PKDswFKOADezPHS4Vc0I0km11ZpyxsO8ARS5ZLW', '-', '', 0, '2019-11-18 12:16:46', '2019-11-18 12:16:46'),
(290, '2543', '$2y$10$Tsg6P9OABMd/cdCfqEoeeehf1BSz0RN7vcjsFq7U.rHPHNOeY6ROu', '-', '', 0, '2019-11-18 12:16:46', '2019-11-18 12:16:46'),
(291, '2544', '$2y$10$GI1oR6KkjR/mT9TzEkSuieMcPE.Gl6eXXxPfbW70PbKjzNKM6fo96', '-', '', 0, '2019-11-18 12:16:47', '2019-11-18 12:16:47'),
(292, '2545', '$2y$10$pwsIHsJHPxrDBKg6TRg.z./7xnqt/cacDC.IPv3i5L6FSbpVUm0.W', '-', '', 0, '2019-11-18 12:16:47', '2019-11-18 12:16:47'),
(293, '2546', '$2y$10$N/Qx9YoC8C3BhozS75YK5OTk.z88J8rOHyYaDHxesZV.rFAvq.44u', '-', '', 0, '2019-11-18 12:16:47', '2019-11-18 12:16:47'),
(294, '2547', '$2y$10$LidLcFYmqt2pNn4UYIamHe2n.xyHsfhYdY0VMEvaJBQjQ04aJjoFW', '-', '', 0, '2019-11-18 12:16:47', '2019-11-18 12:16:47'),
(295, '2548', '$2y$10$lcpdbbHd8wPl9hXgcD36fO9m7g7Q5QS4/8iJ/u7ld.kH18lkxGOsK', '-', '', 0, '2019-11-18 12:16:47', '2019-11-18 12:16:47'),
(296, '2549', '$2y$10$g0n.V2u5DGR4rNEY2FKZxO2GE9qE7PQ5.meAe07lkUK5Q5aIDfrX6', '-', '', 0, '2019-11-18 12:16:48', '2019-11-18 12:16:48'),
(297, '2550', '$2y$10$05O2uA3Y5gM0aOsXBiSFR.NJj/g2AQ6au.XyFgrA8mc1UGSWAxoHu', '-', '', 0, '2019-11-18 12:16:48', '2019-11-18 12:16:48'),
(298, '2574', '$2y$10$tP91XmOeQ5hFSCEjlnYAGuaRbALk7BUW3NYHm.nIfPEAP5M9BRVwq', '-', '', 0, '2019-11-18 12:16:48', '2019-11-18 12:16:48'),
(299, '2575', '$2y$10$M0iAYuoKc8EnEM6uw7kbXeq4tksN6rLGJS2MGqlsiNufiglVPJQ2C', '-', '', 0, '2019-11-18 12:16:48', '2019-11-18 12:16:48'),
(300, '2576', '$2y$10$6M0DPYtsJ63L108H.bh1gOi/zCCI5HoFoygMDlxS8KVoHeuYHK3NW', '-', '', 0, '2019-11-18 12:16:48', '2019-11-18 12:16:48'),
(301, '2577', '$2y$10$FEp6s/qqYGiweEM7xaHxPelW4fBpVCxNJIdmfAWU6K9MOXRAvWXWW', '-', '', 0, '2019-11-18 12:16:49', '2019-11-18 12:16:49'),
(302, '2578', '$2y$10$WZbBM9X1y5b7d/2zZ0Nt.e5CYhsTZlX9f1NAXENn6oyLv7CV/Rhoy', '-', '', 0, '2019-11-18 12:16:49', '2019-11-18 12:16:49'),
(303, '2579', '$2y$10$sGvcJqzKVyTRbPcFLnZ02.ayrWllPVr29MQeb372xU9EJ2WQ0G/K2', '-', '', 0, '2019-11-18 12:16:49', '2019-11-18 12:16:49'),
(304, '2580', '$2y$10$v3Fbbwtf64rn6ZPBGmE6AerWc4TDtIJ.miJl6KvO.MSR98.EkhJHO', '-', '', 0, '2019-11-18 12:16:49', '2019-11-18 12:16:49'),
(305, '2581', '$2y$10$pYEMvGTbieNI2EkA0GtFHeVW/O8HcLCMeaWgEZgr.VHSluLlwuT1W', '-', '', 0, '2019-11-18 12:16:50', '2019-11-18 12:16:50'),
(306, '2582', '$2y$10$.26G2IlCo1vpj3uccPKfOORvhbOo6hYFVe0voI2j2f6n1f5iPF2He', '-', '', 0, '2019-11-18 12:16:50', '2019-11-18 12:16:50'),
(307, '2583', '$2y$10$Y2z65cv.qiu0Hh9Q4/vlMeSu/gAicZbBJntlNEbXN31IxO0ONAxDa', '-', '', 0, '2019-11-18 12:16:50', '2019-11-18 12:16:50'),
(308, '2584', '$2y$10$3YPjwvmMcAky5gzVe.ThT.BjNxMbCritE/GJFBSSROCOhR5AGjBrC', '-', '', 0, '2019-11-18 12:16:50', '2019-11-18 12:16:50'),
(309, '2585', '$2y$10$g811JDO5H9yR/laHb0ATaeLOzi9BTGCS6pRPAcNGNwg0vhdectJLy', '-', '', 0, '2019-11-18 12:16:51', '2019-11-18 12:16:51'),
(310, '2587', '$2y$10$AakaoY.GdY6Q57r/tlufWuLGqFnTa0.pnqdhy7xeiKeXDqze8.Lj6', '-', '', 0, '2019-11-18 12:16:51', '2019-11-18 12:16:51'),
(311, '1941', '$2y$10$M2/eEzXEYL0r/Tj2ulkoxu5jk4/fYGuKibFnx6axiUbQ8RWM6W5BC', '-', '', 0, '2019-11-18 12:16:51', '2019-11-18 12:16:51');

-- --------------------------------------------------------

--
-- Struktur dari tabel `user_has_role`
--

CREATE TABLE `user_has_role` (
  `id` int(11) NOT NULL,
  `user_id` int(11) NOT NULL,
  `user_role_id` int(11) NOT NULL
) ENGINE=InnoDB DEFAULT CHARSET=latin1;

--
-- Dumping data untuk tabel `user_has_role`
--

INSERT INTO `user_has_role` (`id`, `user_id`, `user_role_id`) VALUES
(3, 2, 3),
(36, 1, 3),
(37, 1, 1),
(38, 1, 2),
(49, 13, 3),
(50, 14, 3),
(72, 36, 4),
(73, 37, 4),
(74, 38, 4),
(75, 39, 4),
(76, 40, 4),
(77, 41, 4),
(78, 42, 4),
(79, 43, 4),
(80, 44, 4),
(81, 45, 4),
(82, 46, 4),
(83, 47, 4),
(84, 48, 4),
(85, 49, 4),
(86, 50, 4),
(87, 51, 4),
(88, 52, 4),
(89, 53, 4),
(90, 54, 4),
(91, 55, 4),
(92, 56, 4),
(201, 165, 4),
(202, 166, 4),
(203, 167, 4),
(204, 168, 4),
(205, 169, 4),
(206, 170, 4),
(207, 171, 4),
(208, 172, 4),
(209, 173, 4),
(210, 174, 4),
(211, 175, 4),
(212, 176, 4),
(213, 177, 4),
(214, 178, 4),
(215, 179, 4),
(216, 180, 4),
(217, 181, 4),
(218, 182, 4),
(219, 183, 4),
(220, 184, 4),
(221, 185, 4),
(222, 186, 4),
(223, 187, 4),
(224, 188, 4),
(225, 189, 4),
(226, 190, 4),
(227, 191, 4),
(228, 192, 4),
(229, 193, 4),
(230, 194, 4),
(231, 195, 4),
(232, 196, 4),
(233, 197, 4),
(234, 198, 4),
(235, 199, 4),
(236, 200, 4),
(237, 201, 4),
(238, 202, 4),
(239, 203, 4),
(240, 204, 4),
(241, 205, 4),
(242, 206, 4),
(243, 207, 4),
(244, 208, 4),
(245, 209, 4),
(246, 210, 4),
(247, 211, 4),
(248, 212, 4),
(249, 213, 4),
(250, 214, 4),
(251, 215, 4),
(252, 216, 4),
(253, 217, 4),
(254, 218, 4),
(255, 219, 4),
(256, 220, 4),
(257, 221, 4),
(258, 222, 4),
(259, 223, 4),
(260, 224, 4),
(261, 225, 4),
(262, 226, 4),
(263, 227, 4),
(264, 228, 4),
(265, 229, 4),
(266, 230, 4),
(267, 231, 4),
(268, 232, 4),
(269, 233, 4),
(270, 234, 4),
(271, 235, 4),
(272, 236, 4),
(273, 237, 4),
(274, 238, 4),
(275, 239, 4),
(276, 240, 4),
(277, 241, 4),
(278, 242, 4),
(279, 243, 4),
(280, 244, 4),
(281, 245, 4),
(282, 246, 4),
(283, 247, 4),
(284, 248, 4),
(285, 249, 4),
(286, 250, 4),
(287, 251, 4),
(288, 252, 4),
(289, 253, 4),
(290, 254, 4),
(291, 255, 4),
(292, 256, 4),
(293, 257, 4),
(294, 258, 4),
(295, 259, 4),
(296, 260, 4),
(297, 261, 4),
(298, 262, 4),
(299, 263, 4),
(300, 264, 4),
(301, 265, 4),
(302, 266, 4),
(303, 267, 4),
(304, 268, 4),
(305, 269, 4),
(306, 270, 4),
(307, 271, 4),
(308, 272, 4),
(309, 273, 4),
(310, 274, 4),
(311, 275, 4),
(312, 276, 4),
(313, 277, 4),
(314, 278, 4),
(315, 279, 4),
(316, 280, 4),
(317, 281, 4),
(318, 282, 4),
(319, 283, 4),
(320, 284, 4),
(321, 285, 4),
(322, 286, 4),
(323, 287, 4),
(324, 288, 4),
(325, 289, 4),
(326, 290, 4),
(327, 291, 4),
(328, 292, 4),
(329, 293, 4),
(330, 294, 4),
(331, 295, 4),
(332, 296, 4),
(333, 297, 4),
(334, 298, 4),
(335, 299, 4),
(336, 300, 4),
(337, 301, 4),
(338, 302, 4),
(339, 303, 4),
(340, 304, 4),
(341, 305, 4),
(342, 306, 4),
(343, 307, 4),
(344, 308, 4),
(345, 309, 4),
(346, 310, 4),
(347, 311, 4);

-- --------------------------------------------------------

--
-- Struktur dari tabel `user_role`
--

CREATE TABLE `user_role` (
  `id` int(11) NOT NULL,
  `title` varchar(255) NOT NULL,
  `description` text NOT NULL,
  `level` int(11) NOT NULL,
  `created` datetime NOT NULL DEFAULT CURRENT_TIMESTAMP,
  `updated` datetime NOT NULL DEFAULT CURRENT_TIMESTAMP ON UPDATE CURRENT_TIMESTAMP
) ENGINE=InnoDB DEFAULT CHARSET=latin1;

--
-- Dumping data untuk tabel `user_role`
--

INSERT INTO `user_role` (`id`, `title`, `description`, `level`, `created`, `updated`) VALUES
(1, 'admin', 'user untuk admin', 1, '2019-09-25 18:53:20', '2019-09-25 18:53:20'),
(2, 'petugas', 'user untuk petugas', 2, '2019-09-25 18:54:19', '2019-09-25 19:28:51'),
(3, 'guru', 'akun untuk guru', 10, '2019-09-25 22:16:47', '2019-09-25 22:16:47'),
(4, 'siswa', 'akun untuk siswa', 15, '2019-10-08 13:10:46', '2019-10-08 13:10:46');

--
-- Indexes for dumped tables
--

--
-- Indexes for table `config`
--
ALTER TABLE `config`
  ADD PRIMARY KEY (`id`);

--
-- Indexes for table `guru`
--
ALTER TABLE `guru`
  ADD PRIMARY KEY (`id`),
  ADD KEY `user_id` (`user_id`);

--
-- Indexes for table `guru_has_mapel`
--
ALTER TABLE `guru_has_mapel`
  ADD PRIMARY KEY (`id`),
  ADD KEY `guru_id` (`guru_id`),
  ADD KEY `mapel_id` (`mapel_id`),
  ADD KEY `guru_has_mapel_ibfk_3` (`kelas_id`),
  ADD KEY `th_ajaran_id` (`th_ajaran_id`);

--
-- Indexes for table `kelas`
--
ALTER TABLE `kelas`
  ADD PRIMARY KEY (`id`),
  ADD UNIQUE KEY `nama` (`nama`);

--
-- Indexes for table `mapel`
--
ALTER TABLE `mapel`
  ADD PRIMARY KEY (`id`);

--
-- Indexes for table `presensi`
--
ALTER TABLE `presensi`
  ADD PRIMARY KEY (`id`),
  ADD KEY `siswa_id` (`siswa_id`),
  ADD KEY `kelas_id` (`kelas_id`),
  ADD KEY `th_ajaran_id` (`th_ajaran_id`);

--
-- Indexes for table `presensi_has_mapel`
--
ALTER TABLE `presensi_has_mapel`
  ADD PRIMARY KEY (`id`),
  ADD KEY `siswa_id` (`siswa_id`),
  ADD KEY `kelas_id` (`kelas_id`),
  ADD KEY `th_ajaran_id` (`th_ajaran_id`),
  ADD KEY `guru_id` (`guru_id`),
  ADD KEY `mapel_id` (`mapel_id`);

--
-- Indexes for table `siswa`
--
ALTER TABLE `siswa`
  ADD PRIMARY KEY (`id`),
  ADD KEY `user_id` (`user_id`),
  ADD KEY `kelas_id` (`kelas_id`),
  ADD KEY `th_ajaran_id` (`th_ajaran_id`),
  ADD KEY `angkatan` (`angkatan`);

--
-- Indexes for table `th_ajaran`
--
ALTER TABLE `th_ajaran`
  ADD PRIMARY KEY (`id`);

--
-- Indexes for table `user`
--
ALTER TABLE `user`
  ADD PRIMARY KEY (`id`),
  ADD UNIQUE KEY `username` (`username`);

--
-- Indexes for table `user_has_role`
--
ALTER TABLE `user_has_role`
  ADD PRIMARY KEY (`id`),
  ADD KEY `user_id` (`user_id`),
  ADD KEY `user_role_id` (`user_role_id`);

--
-- Indexes for table `user_role`
--
ALTER TABLE `user_role`
  ADD PRIMARY KEY (`id`);

--
-- AUTO_INCREMENT for dumped tables
--

--
-- AUTO_INCREMENT for table `config`
--
ALTER TABLE `config`
  MODIFY `id` int(11) NOT NULL AUTO_INCREMENT, AUTO_INCREMENT=2;
--
-- AUTO_INCREMENT for table `guru`
--
ALTER TABLE `guru`
  MODIFY `id` int(11) NOT NULL AUTO_INCREMENT, AUTO_INCREMENT=5;
--
-- AUTO_INCREMENT for table `guru_has_mapel`
--
ALTER TABLE `guru_has_mapel`
  MODIFY `id` int(11) NOT NULL AUTO_INCREMENT, AUTO_INCREMENT=3;
--
-- AUTO_INCREMENT for table `kelas`
--
ALTER TABLE `kelas`
  MODIFY `id` int(11) NOT NULL AUTO_INCREMENT, AUTO_INCREMENT=35;
--
-- AUTO_INCREMENT for table `mapel`
--
ALTER TABLE `mapel`
  MODIFY `id` int(11) NOT NULL AUTO_INCREMENT, AUTO_INCREMENT=5;
--
-- AUTO_INCREMENT for table `presensi`
--
ALTER TABLE `presensi`
  MODIFY `id` int(11) NOT NULL AUTO_INCREMENT, AUTO_INCREMENT=37;
--
-- AUTO_INCREMENT for table `presensi_has_mapel`
--
ALTER TABLE `presensi_has_mapel`
  MODIFY `id` int(11) NOT NULL AUTO_INCREMENT, AUTO_INCREMENT=171;
--
-- AUTO_INCREMENT for table `siswa`
--
ALTER TABLE `siswa`
  MODIFY `id` int(11) NOT NULL AUTO_INCREMENT, AUTO_INCREMENT=461;
--
-- AUTO_INCREMENT for table `th_ajaran`
--
ALTER TABLE `th_ajaran`
  MODIFY `id` int(11) NOT NULL AUTO_INCREMENT, AUTO_INCREMENT=4;
--
-- AUTO_INCREMENT for table `user`
--
ALTER TABLE `user`
  MODIFY `id` int(11) NOT NULL AUTO_INCREMENT, AUTO_INCREMENT=312;
--
-- AUTO_INCREMENT for table `user_has_role`
--
ALTER TABLE `user_has_role`
  MODIFY `id` int(11) NOT NULL AUTO_INCREMENT, AUTO_INCREMENT=348;
--
-- AUTO_INCREMENT for table `user_role`
--
ALTER TABLE `user_role`
  MODIFY `id` int(11) NOT NULL AUTO_INCREMENT, AUTO_INCREMENT=5;
--
-- Ketidakleluasaan untuk tabel pelimpahan (Dumped Tables)
--

--
-- Ketidakleluasaan untuk tabel `guru`
--
ALTER TABLE `guru`
  ADD CONSTRAINT `guru_ibfk_1` FOREIGN KEY (`user_id`) REFERENCES `user` (`id`) ON DELETE CASCADE ON UPDATE CASCADE;

--
-- Ketidakleluasaan untuk tabel `guru_has_mapel`
--
ALTER TABLE `guru_has_mapel`
  ADD CONSTRAINT `guru_has_mapel_ibfk_1` FOREIGN KEY (`guru_id`) REFERENCES `guru` (`id`) ON DELETE CASCADE ON UPDATE CASCADE,
  ADD CONSTRAINT `guru_has_mapel_ibfk_2` FOREIGN KEY (`mapel_id`) REFERENCES `mapel` (`id`) ON DELETE CASCADE ON UPDATE CASCADE,
  ADD CONSTRAINT `guru_has_mapel_ibfk_3` FOREIGN KEY (`kelas_id`) REFERENCES `kelas` (`id`) ON DELETE CASCADE ON UPDATE CASCADE,
  ADD CONSTRAINT `guru_has_mapel_ibfk_4` FOREIGN KEY (`th_ajaran_id`) REFERENCES `th_ajaran` (`id`) ON DELETE CASCADE ON UPDATE CASCADE;

--
-- Ketidakleluasaan untuk tabel `presensi`
--
ALTER TABLE `presensi`
  ADD CONSTRAINT `presensi_ibfk_1` FOREIGN KEY (`siswa_id`) REFERENCES `siswa` (`id`) ON DELETE CASCADE ON UPDATE CASCADE,
  ADD CONSTRAINT `presensi_ibfk_2` FOREIGN KEY (`kelas_id`) REFERENCES `kelas` (`id`) ON DELETE CASCADE ON UPDATE CASCADE,
  ADD CONSTRAINT `presensi_ibfk_3` FOREIGN KEY (`th_ajaran_id`) REFERENCES `th_ajaran` (`id`);

--
-- Ketidakleluasaan untuk tabel `presensi_has_mapel`
--
ALTER TABLE `presensi_has_mapel`
  ADD CONSTRAINT `presensi_has_mapel_ibfk_1` FOREIGN KEY (`siswa_id`) REFERENCES `siswa` (`id`) ON DELETE CASCADE ON UPDATE CASCADE,
  ADD CONSTRAINT `presensi_has_mapel_ibfk_2` FOREIGN KEY (`kelas_id`) REFERENCES `kelas` (`id`) ON DELETE CASCADE ON UPDATE CASCADE,
  ADD CONSTRAINT `presensi_has_mapel_ibfk_3` FOREIGN KEY (`th_ajaran_id`) REFERENCES `th_ajaran` (`id`) ON DELETE CASCADE ON UPDATE CASCADE,
  ADD CONSTRAINT `presensi_has_mapel_ibfk_4` FOREIGN KEY (`guru_id`) REFERENCES `guru` (`id`) ON DELETE CASCADE ON UPDATE CASCADE,
  ADD CONSTRAINT `presensi_has_mapel_ibfk_5` FOREIGN KEY (`mapel_id`) REFERENCES `mapel` (`id`) ON DELETE CASCADE ON UPDATE CASCADE;

--
-- Ketidakleluasaan untuk tabel `siswa`
--
ALTER TABLE `siswa`
  ADD CONSTRAINT `siswa_ibfk_1` FOREIGN KEY (`user_id`) REFERENCES `user` (`id`) ON DELETE CASCADE ON UPDATE CASCADE,
  ADD CONSTRAINT `siswa_ibfk_2` FOREIGN KEY (`kelas_id`) REFERENCES `kelas` (`id`) ON DELETE CASCADE ON UPDATE CASCADE,
  ADD CONSTRAINT `siswa_ibfk_3` FOREIGN KEY (`th_ajaran_id`) REFERENCES `th_ajaran` (`id`) ON DELETE CASCADE ON UPDATE CASCADE,
  ADD CONSTRAINT `siswa_ibfk_4` FOREIGN KEY (`angkatan`) REFERENCES `th_ajaran` (`id`) ON DELETE CASCADE ON UPDATE CASCADE;

--
-- Ketidakleluasaan untuk tabel `user_has_role`
--
ALTER TABLE `user_has_role`
  ADD CONSTRAINT `user_has_role_ibfk_1` FOREIGN KEY (`user_id`) REFERENCES `user` (`id`) ON DELETE CASCADE ON UPDATE CASCADE,
  ADD CONSTRAINT `user_has_role_ibfk_2` FOREIGN KEY (`user_role_id`) REFERENCES `user_role` (`id`) ON DELETE CASCADE ON UPDATE CASCADE;

/*!40101 SET CHARACTER_SET_CLIENT=@OLD_CHARACTER_SET_CLIENT */;
/*!40101 SET CHARACTER_SET_RESULTS=@OLD_CHARACTER_SET_RESULTS */;
/*!40101 SET COLLATION_CONNECTION=@OLD_COLLATION_CONNECTION */;
